,Happiness,Future,Hardwork
5900,1,0,1
4864,0,0,0
2754,0,1,1
3686,1,1,0
5732,0,0,1
1051,1,0,0
3536,0,0,0
3656,0,1,1
3801,1,0,1
1666,1,1,0
1242,0,0,0
4767,1,1,1
610,0,0,1
5402,0,0,1
3762,0,1,0
6064,1,1,1
560,1,0,1
910,1,0,0
2534,0,0,1
717,0,0,0
2274,1,1,1
3162,0,1,1
3677,0,0,0
3506,0,0,0
3373,0,0,0
3420,1,0,1
3659,0,0,0
5092,0,0,0
4423,0,0,0
1404,1,1,1
1328,0,0,0
3583,0,0,0
3336,1,1,1
4642,1,0,0
4716,1,1,1
100,1,1,1
4007,0,0,0
5300,1,0,0
4613,0,0,1
4647,1,1,1
1162,1,1,1
2438,1,1,0
1626,0,1,0
1463,0,0,0
5176,1,1,1
3699,0,0,0
210,1,1,0
3906,1,1,1
5992,0,0,0
4242,0,0,1
3853,1,1,1
3239,0,1,1
4615,0,0,0
1615,0,0,0
3649,0,0,0
1005,1,1,1
1240,0,0,0
1966,0,0,0
2641,0,0,0
5350,0,0,0
4378,0,0,0
6053,1,1,1
5925,0,0,0
1859,1,1,1
5540,1,1,1
2246,1,0,1
4670,0,0,0
372,1,0,1
2527,0,0,0
5583,1,0,0
5438,0,1,0
5642,0,0,1
4369,1,1,0
2090,1,1,0
2161,1,1,1
834,0,1,1
4744,1,1,1
1681,0,0,0
4326,0,0,1
4075,0,0,1
2742,1,1,0
3745,0,0,0
4244,1,1,1
2704,1,1,0
205,1,1,1
1006,1,1,0
5221,1,1,0
3329,0,1,1
3237,1,1,1
5757,0,0,1
4358,1,1,1
3635,0,0,0
951,1,0,1
4617,1,1,1
5397,1,1,1
2223,0,1,1
1497,0,0,0
3335,1,1,1
6055,0,0,0
4515,1,1,1
1549,1,1,1
1947,1,1,0
4436,0,0,0
2776,1,1,1
3589,0,0,0
1833,1,1,1
57,1,1,1
3512,1,0,1
1520,1,1,1
5226,0,1,0
2490,1,1,1
1929,0,0,1
1748,0,0,0
5403,0,0,1
646,0,0,0
5282,1,1,1
5978,1,1,1
1579,0,0,0
2064,0,0,1
2253,0,0,0
4466,0,1,1
4388,1,1,1
5536,1,1,1
4521,1,1,1
2666,1,0,0
3468,1,0,0
4084,0,0,0
3610,1,1,1
5641,0,0,0
1296,0,0,0
3786,0,0,0
203,1,1,0
4152,1,1,1
518,0,0,1
3551,0,0,0
2787,1,1,1
2740,0,1,1
4006,1,1,1
1831,0,1,1
5378,1,1,1
1077,1,1,1
1776,0,0,0
1600,1,1,1
4532,0,1,1
2461,1,1,1
4379,1,1,1
5885,0,0,1
2925,0,1,1
4485,1,1,1
2535,0,0,0
5820,1,1,1
1875,0,1,1
1913,1,1,1
1357,0,0,0
4806,1,1,1
16,1,1,1
4673,0,0,0
5257,0,0,1
5965,0,0,0
3267,0,0,1
761,1,0,0
2402,0,0,0
1061,1,1,1
1909,0,1,1
5814,0,1,1
5482,1,1,1
1651,1,1,1
190,0,0,0
2984,0,0,0
462,0,0,0
484,1,0,1
1264,1,1,1
4801,1,0,1
1125,0,1,1
1710,1,1,0
1370,0,0,1
2922,1,1,1
4290,0,0,0
3577,1,1,1
3388,0,0,0
1447,1,0,0
3747,0,0,0
110,1,1,1
1546,1,1,1
3505,1,1,1
3866,0,0,0
5450,1,1,1
1172,1,1,1
6048,1,1,0
4697,1,1,0
232,1,1,1
1248,0,1,0
5262,1,1,1
4077,1,1,1
4236,0,0,0
2229,0,0,0
5153,0,0,1
5776,1,1,1
4948,1,1,1
3095,1,0,1
4546,0,0,0
933,1,1,1
1045,1,0,1
2150,1,1,1
448,0,0,0
453,1,0,1
3172,1,1,1
12,0,1,1
1387,1,1,1
3766,0,0,0
1796,1,1,1
1916,0,1,1
3185,0,0,1
4865,0,0,1
5051,1,1,0
3731,1,0,1
1021,1,0,1
836,1,1,0
1396,1,0,0
1586,0,1,1
4443,0,0,0
1953,0,1,0
791,1,1,0
3777,1,1,1
4659,1,1,1
5130,0,0,0
1216,0,0,0
4706,1,1,1
3147,0,0,1
5193,1,1,1
863,0,1,1
104,1,1,0
1344,1,1,1
3844,1,1,0
5671,1,1,1
1268,0,0,0
2233,1,0,0
4119,0,0,0
516,1,1,1
3706,0,0,0
4523,1,1,1
2855,1,1,1
5948,0,0,1
3641,1,1,0
2582,1,1,1
4943,0,0,0
2478,0,0,1
2197,0,0,0
4522,0,0,0
1998,1,0,1
4339,1,1,0
3286,0,0,0
2316,0,0,0
159,0,0,1
2772,1,1,1
3829,0,1,1
1534,1,0,0
1134,0,1,1
4199,1,1,1
3168,1,1,1
678,1,1,0
5443,1,1,1
3858,1,1,1
1246,1,1,0
165,1,1,0
2784,0,0,0
2385,0,0,1
394,0,1,1
4219,0,0,1
5684,1,1,1
1532,1,1,1
1650,1,1,1
1933,0,0,1
4142,0,1,1
5649,0,0,0
995,1,1,1
2718,1,1,1
1145,1,0,1
2088,1,0,1
2809,1,1,1
3840,0,0,0
1435,0,0,0
2586,1,1,1
2781,0,0,1
1620,1,1,1
3794,1,1,1
4251,0,0,0
5657,1,0,1
5983,1,1,1
37,1,1,1
1300,0,1,1
1999,0,0,0
4424,0,0,0
3253,1,1,1
4117,0,0,0
2347,1,1,1
2295,1,1,1
2181,1,1,1
1185,1,1,1
3571,1,0,1
322,0,0,0
11,0,0,0
2694,0,0,0
17,1,1,1
5334,0,0,0
2722,0,0,1
5899,0,1,0
4228,0,0,1
5111,0,0,0
1751,1,1,0
3679,1,0,1
2257,1,1,1
1310,0,1,0
5152,1,0,1
1228,0,0,1
579,1,1,1
19,0,0,0
800,1,1,1
1395,1,1,1
2762,1,1,1
2947,1,1,1
3220,1,1,1
2204,0,0,1
1684,1,1,1
4567,0,0,0
5542,0,0,0
3729,0,0,0
1825,1,0,1
3189,0,0,1
4428,1,1,1
494,1,1,1
5042,0,0,0
4789,0,0,1
2349,1,1,1
2241,1,1,1
1922,1,1,1
1714,1,1,1
5315,1,1,1
4282,0,1,0
4582,0,0,1
946,0,0,1
2932,0,0,0
4411,0,0,0
1584,1,1,0
3988,1,1,1
5749,0,1,0
3181,0,0,0
2398,0,1,1
1225,1,1,1
324,0,1,1
5149,1,1,1
86,1,1,1
2998,0,0,0
90,1,1,1
4531,0,0,0
4402,1,1,1
3112,0,0,1
3765,0,0,0
480,0,0,0
5633,1,1,1
157,0,0,0
1790,1,1,0
3190,1,1,0
5840,1,1,1
4434,0,0,0
2872,1,1,0
3669,0,0,0
1044,1,1,1
5829,0,0,0
4201,1,1,1
6004,0,1,1
2076,1,0,0
4807,0,1,1
4954,1,1,1
3622,0,0,0
4108,1,1,1
5524,0,0,0
913,1,1,1
1262,1,1,1
769,0,0,0
3,0,0,0
230,1,1,1
1488,1,0,0
1419,0,1,0
4816,1,1,1
2089,0,0,0
1004,0,0,1
5424,0,0,1
4735,0,0,0
965,0,0,0
3991,1,0,0
3223,1,1,1
1113,0,0,0
5874,0,0,0
2689,0,0,0
4958,1,1,1
3232,1,1,1
2523,0,0,0
1412,1,1,0
4009,1,0,1
2594,1,1,0
921,0,0,1
1552,0,0,0
2733,1,1,1
5769,0,0,0
5453,1,1,1
4063,1,1,0
960,0,0,0
4380,0,0,0
2659,1,1,1
1039,1,1,1
5367,1,1,1
3135,1,1,0
4103,1,1,1
2854,1,1,1
2610,1,0,1
393,1,1,0
3724,0,0,0
3001,0,0,1
2748,0,0,0
551,0,0,0
3144,1,1,1
1625,1,1,1
2164,0,0,1
4508,0,0,0
4005,1,1,1
3375,0,0,1
2140,0,0,0
2705,0,1,0
5585,0,1,1
3961,1,1,0
4195,1,1,1
703,1,1,1
823,1,1,1
5090,1,1,1
6025,0,0,0
5660,1,1,1
1899,0,0,0
4250,0,0,0
4631,1,1,1
2652,1,1,1
901,1,1,1
3465,1,1,1
1335,1,1,1
1561,0,0,0
4297,0,1,1
5613,0,0,0
194,0,0,0
3085,0,0,1
3366,0,0,1
1406,1,1,1
3516,0,0,0
659,1,1,1
2918,1,0,1
3263,0,0,0
4612,1,1,1
994,0,0,0
2868,1,1,1
3123,1,1,1
3019,1,0,0
3554,1,0,1
3876,1,1,1
5358,0,0,1
1126,1,0,1
4756,0,0,1
4128,0,0,0
2011,1,1,1
218,0,1,1
2911,1,1,1
1413,0,0,0
4824,1,1,1
771,1,0,1
4608,1,1,1
13,1,1,1
2978,0,1,0
5312,0,0,1
1160,0,0,0
4853,1,1,1
5181,0,1,1
4571,1,1,1
133,0,1,1
2864,0,0,0
5407,0,0,1
827,1,0,0
5096,0,0,0
3732,1,1,0
3831,1,1,1
2987,1,0,0
2270,1,1,1
4035,0,0,1
1759,1,1,1
1298,1,1,1
5243,0,0,0
4441,1,1,0
5605,1,0,1
5465,1,1,0
2294,1,0,0
4046,1,1,1
5907,0,1,0
3230,1,1,1
1094,0,0,0
4301,0,0,0
5739,1,1,0
5981,1,1,1
622,1,1,0
4703,0,0,0
2907,0,0,0
4536,0,0,1
5356,1,1,1
804,1,1,1
1030,1,1,1
587,1,1,1
4692,0,0,0
2262,1,0,1
4591,0,0,1
3600,0,0,0
5401,0,1,1
593,0,0,0
5268,0,0,0
2779,1,1,1
2084,0,1,1
2067,1,0,1
3021,0,1,1
1907,0,0,0
2756,1,1,1
756,0,1,0
5194,0,0,1
757,1,1,1
3140,0,1,1
599,0,0,0
1384,0,0,1
443,0,0,0
4049,0,0,1
358,1,1,1
5294,0,0,1
3842,0,0,0
2345,1,0,1
998,0,1,0
5476,0,0,1
5118,0,0,0
6065,1,1,1
1914,1,1,0
3012,1,0,0
5669,0,1,1
2358,0,0,0
661,0,1,1
2969,1,1,1
4645,0,0,0
4991,0,0,0
191,0,0,1
893,0,0,1
5232,0,0,0
4936,1,1,1
5879,0,0,0
321,0,0,0
1055,1,0,0
197,1,0,0
5640,1,1,1
3943,1,1,1
2635,0,0,0
5607,0,0,0
256,0,0,0
2452,0,0,0
5699,1,1,1
5001,1,0,0
5117,0,1,1
5418,0,0,0
4708,0,1,0
1991,1,0,0
246,1,1,1
1213,1,1,1
3339,0,0,0
1924,0,0,0
4775,0,1,1
1037,0,0,0
471,1,0,1
4141,1,1,1
759,0,0,1
4653,0,0,0
1042,0,0,0
3954,0,1,1
3806,0,0,0
4900,0,1,0
851,0,0,0
2252,0,0,0
4261,1,1,1
4387,0,1,1
3370,1,1,1
1364,1,1,1
3111,1,1,0
2963,1,1,1
891,0,0,0
273,1,1,1
4346,0,0,1
1715,0,0,0
3759,1,0,1
3359,0,1,1
4624,0,0,0
2539,1,1,1
1414,0,0,1
99,1,0,1
2897,1,0,1
5522,1,1,0
4468,1,1,1
335,0,0,0
2565,1,1,1
1121,0,0,1
2579,0,1,1
40,0,0,0
3194,1,0,0
6059,1,1,1
3227,0,0,0
3381,1,1,1
5568,1,1,1
3300,0,0,0
2646,1,1,0
919,1,1,1
2237,0,1,1
4751,0,0,1
3347,1,1,0
955,1,1,1
1884,0,0,0
4148,0,1,1
2921,0,0,1
1277,1,1,0
306,0,1,1
1548,1,0,1
1736,0,1,1
1249,1,1,0
2837,0,0,0
5504,1,1,0
1967,1,1,1
3939,0,0,0
5972,0,0,1
1731,0,0,0
553,1,1,0
3206,1,1,1
2654,0,0,0
4902,1,0,1
2989,0,1,1
1253,1,1,0
1041,1,0,0
1697,1,1,0
188,0,0,0
5174,1,1,1
3941,0,0,1
2271,0,0,1
2147,0,1,1
4246,1,1,1
1518,1,1,1
3837,1,1,1
685,1,1,1
2491,0,0,0
4804,0,1,0
789,1,1,1
2692,0,0,0
2596,1,0,1
1012,0,1,1
5793,1,1,1
1882,0,0,1
5376,1,1,1
5783,1,1,1
1785,1,0,1
3685,1,1,1
2867,0,0,0
2905,0,0,0
5632,1,1,1
3349,0,0,1
1587,1,0,0
5833,0,0,0
1441,0,0,0
1613,1,0,0
1987,0,0,0
3107,0,0,1
2060,0,0,0
4323,0,0,0
2416,1,1,1
5937,0,1,0
316,0,0,0
5267,1,1,1
1355,1,1,1
3619,0,0,0
5406,1,1,1
6045,1,1,1
2445,1,1,1
1177,1,0,1
1630,1,1,1
3644,1,1,0
4232,1,1,1
4916,0,0,1
3066,0,0,1
330,1,1,1
2213,0,0,0
1673,1,0,1
5141,1,1,0
2139,0,0,0
5533,1,0,1
1498,1,0,0
32,0,1,1
4127,0,0,0
1724,0,0,0
3305,0,1,0
5010,1,1,1
3880,1,1,0
3353,1,1,1
4185,1,1,1
2680,1,0,1
2126,0,0,0
1438,1,1,1
4277,0,0,0
1398,0,0,0
1476,1,1,0
4972,1,1,1
663,0,0,0
5173,1,1,1
1010,1,1,0
4639,1,1,0
221,1,1,1
1386,0,0,1
2929,1,0,1
1141,1,1,1
2146,1,1,1
3042,0,1,1
3438,1,1,1
2663,1,1,1
2159,1,1,0
4570,0,0,0
1380,1,1,1
5002,1,1,1
1720,1,0,0
4511,1,1,1
2304,1,1,0
4872,1,1,1
932,1,1,1
3376,0,0,0
2332,1,1,1
1938,0,0,0
3963,1,1,1
1608,1,0,0
5993,0,0,0
4899,0,0,0
3770,0,1,1
5063,0,0,0
2501,1,0,1
4771,0,0,1
1140,1,1,1
3434,0,0,1
2216,1,0,1
710,0,0,0
4750,1,1,1
5260,1,1,1
3636,0,1,1
4831,0,0,0
2543,0,0,1
4068,1,0,1
1686,0,0,0
772,1,1,0
1606,0,0,1
6051,1,1,1
900,0,1,0
1533,0,0,0
1427,1,1,1
5201,1,1,1
854,1,1,1
2857,1,1,0
2889,0,0,0
1392,1,1,1
6029,1,1,1
874,0,0,0
3662,1,1,0
770,0,0,0
894,0,1,0
5439,1,1,0
1603,1,1,1
3211,0,1,1
749,1,0,0
5810,1,1,0
3469,1,1,1
3003,0,1,1
83,1,1,1
5077,1,1,1
5662,0,0,0
128,0,0,0
2105,1,1,0
3344,0,0,0
885,1,1,1
1431,1,1,1
134,1,1,0
1852,1,1,0
3601,1,1,1
3849,1,1,1
5025,0,0,0
2196,1,1,1
4052,1,1,1
5977,0,0,0
3751,1,1,0
522,1,1,1
1020,0,0,0
1545,0,0,0
4513,1,1,1
5011,1,1,1
4928,0,1,1
2379,0,0,0
1301,1,1,0
4985,1,1,1
111,0,0,0
478,1,1,1
3041,1,1,1
3279,1,0,0
4099,1,1,1
3819,0,1,1
3705,1,1,1
2696,0,0,0
4576,0,0,0
657,0,1,1
4079,0,1,1
3334,1,0,1
2537,1,1,0
3553,1,1,1
1273,1,0,0
1333,1,1,1
4873,1,0,1
3689,1,1,0
4870,1,1,1
1098,1,1,1
3234,0,0,0
5606,1,0,1
787,0,1,1
4557,1,1,0
4072,1,1,1
1558,1,1,1
3218,0,0,0
1147,1,1,0
1432,1,1,1
748,1,1,1
2030,1,1,0
5005,0,1,0
3573,1,0,0
3661,0,1,1
5806,0,1,1
1919,1,1,1
4389,0,0,0
2106,1,0,1
3894,0,0,0
107,1,0,0
5461,1,1,1
2188,0,0,0
120,0,1,1
364,1,1,1
4364,1,1,1
3670,0,0,1
2632,0,0,1
872,1,1,1
898,0,0,0
4186,0,0,0
4013,1,1,1
4286,1,1,0
3153,1,1,1
2361,0,0,0
3603,1,1,1
4322,1,1,1
3371,1,1,1
2098,1,1,1
5308,1,1,1
3405,1,1,1
5575,1,1,1
2282,0,0,0
1524,1,1,1
2388,1,1,1
5672,1,1,1
1960,1,1,0
2027,1,1,1
4239,1,0,0
2142,0,0,0
2209,1,1,1
3295,0,0,0
4623,1,0,1
4766,1,0,1
55,1,0,0
3504,1,0,0
3158,0,1,1
4888,0,1,1
4384,0,0,0
1727,0,0,1
1325,1,1,1
5488,1,1,0
6054,0,0,0
2018,1,0,1
482,1,1,0
2796,0,0,1
2589,0,0,0
5847,1,0,0
2514,1,1,1
1810,1,1,1
2847,0,0,0
671,1,1,1
5537,0,0,1
3875,0,0,0
5414,1,1,1
187,1,1,1
2227,0,0,1
4102,0,1,1
1477,0,0,0
4548,0,0,0
1802,1,1,1
4530,0,0,0
1512,1,1,1
5123,1,0,0
2698,1,1,1
4427,1,1,1
3921,0,1,0
236,0,0,0
4285,0,0,0
3743,1,1,1
2752,0,0,0
3625,1,1,1
5961,0,0,0
5913,0,1,1
3498,1,0,0
2573,1,1,1
1444,0,0,0
1928,1,1,1
3897,1,1,0
4833,0,0,0
5615,1,1,1
5454,1,1,1
2133,1,0,1
3354,1,1,1
418,0,0,0
1702,1,1,1
5653,1,1,1
3715,0,0,0
5561,0,0,1
3903,1,1,1
2743,0,0,0
5240,1,1,0
3306,1,1,1
437,1,1,1
3399,1,1,1
1436,1,1,1
4486,1,1,1
5852,0,1,1
2851,0,0,1
534,1,1,1
821,0,0,0
1848,0,0,1
1571,1,1,1
5066,1,1,1
3631,0,0,0
1417,1,1,1
1563,1,1,0
175,0,0,0
2983,1,1,1
1995,0,0,0
5054,1,1,0
4740,1,0,1
5480,1,0,1
1542,0,0,0
2192,1,0,0
1433,0,0,0
5216,1,1,1
3692,0,0,0
1646,0,1,1
630,0,1,0
909,0,0,0
3383,0,0,0
1925,0,0,0
5525,0,0,0
5841,1,1,1
4773,0,0,1
2785,1,1,1
5102,1,1,1
4002,1,1,0
2651,1,1,1
2990,0,0,0
619,1,1,1
2708,0,1,1
4817,1,1,1
216,1,1,1
2336,1,1,1
5197,0,1,1
4194,0,0,0
5836,1,1,1
5214,0,0,0
5281,0,0,1
4684,1,0,0
2132,0,0,0
3712,0,0,0
2450,1,1,0
460,1,1,1
4960,0,0,1
2007,1,1,0
3582,1,1,1
267,0,0,1
4344,0,0,0
1521,0,0,0
5688,1,1,1
817,0,1,1
5584,1,1,1
4719,0,1,1
4431,1,1,1
5603,1,1,1
5738,1,1,1
3924,1,1,1
1291,0,0,0
1,1,1,1
3215,1,1,1
1752,0,1,1
2331,0,0,1
6037,0,0,1
4031,0,1,0
1103,1,0,0
561,0,0,0
5069,1,1,1
3455,1,1,1
880,1,1,0
1787,1,1,1
1008,1,1,1
5758,1,1,1
5651,1,1,1
1426,1,1,1
1120,1,1,1
2166,1,1,1
2719,0,0,1
1195,1,1,1
2544,0,1,0
3142,0,1,1
4481,0,1,1
1330,0,0,0
3176,1,1,1
4667,0,1,1
5309,1,0,1
5901,0,1,1
1420,0,0,1
2634,1,1,1
2179,0,0,1
5926,0,1,1
5353,1,1,1
1721,0,0,0
1231,1,0,1
2206,1,1,1
396,0,1,1
6067,0,0,0
2555,0,0,0
5370,1,1,0
3774,1,1,1
1535,0,0,0
3169,1,1,0
4962,1,0,1
1959,0,0,1
613,1,1,1
290,1,1,1
6036,1,1,1
2505,1,1,1
990,1,1,1
3672,1,1,1
4846,1,1,1
5717,1,1,1
2621,1,1,1
650,1,1,1
1559,0,0,0
487,0,0,0
4490,0,0,0
1772,1,1,1
1678,1,1,1
345,1,0,1
1313,0,0,1
4206,0,0,0
3817,1,1,1
852,0,0,1
5136,1,1,1
92,1,1,0
5332,0,0,0
5170,1,1,1
4399,1,1,1
794,1,1,1
5733,1,1,1
4983,0,0,1
2541,1,1,1
5762,0,0,0
5698,1,1,1
4457,1,0,0
702,0,0,0
1774,0,0,0
3391,1,0,0
4296,1,1,1
2463,1,1,1
5029,1,1,1
3791,0,0,1
2353,0,0,0
2640,0,0,0
2506,1,1,1
1525,1,1,0
4728,0,0,0
5659,1,1,1
3604,0,1,1
5838,1,1,1
430,0,1,1
6056,1,1,0
3255,0,0,0
2249,1,0,0
2730,0,0,1
2354,1,1,0
3977,0,0,0
4098,1,1,1
4835,1,1,1
5756,1,1,0
1739,0,0,0
1128,1,1,0
5234,1,1,1
6031,0,0,0
4306,1,1,1
3396,0,0,0
3883,1,1,1
2746,1,0,0
632,1,1,1
577,0,0,0
3509,1,1,1
1080,1,1,1
4398,1,1,1
4857,1,1,1
2823,0,0,1
2624,1,1,1
3938,1,1,0
5101,0,0,0
1855,1,1,1
1917,0,0,0
2764,1,1,0
3069,1,0,1
983,1,1,1
2459,0,0,0
1675,0,0,0
785,1,1,1
4726,1,1,1
1973,0,1,1
500,0,1,0
2497,1,1,0
3660,0,0,0
2117,0,0,0
2805,0,1,1
1361,0,1,1
292,1,1,0
2418,1,1,0
5355,1,1,1
1682,0,0,1
93,0,0,0
4558,0,0,1
4535,0,0,0
4367,1,1,1
3652,0,0,0
2078,1,1,1
859,0,0,0
3351,0,0,0
279,1,1,1
3920,1,1,1
2800,1,1,1
1939,0,0,1
4875,0,1,1
5764,1,0,0
1956,0,1,1
3341,0,1,1
861,0,0,0
3792,1,1,1
938,1,1,1
3229,1,1,1
4588,0,1,1
6,0,0,0
1063,0,0,0
2761,1,1,1
3338,1,1,1
4249,1,0,1
224,1,1,1
1523,1,1,1
436,0,1,1
5498,1,1,1
1043,1,0,1
1358,0,0,0
3946,1,1,1
3243,1,1,1
602,1,1,1
4687,1,1,0
3884,0,0,0
5694,0,1,1
1338,0,0,0
4161,0,0,0
3053,0,0,0
1853,1,1,0
5665,0,0,0
768,0,1,1
1308,1,1,1
2079,0,1,1
4627,1,1,1
5065,1,1,1
3568,1,1,1
2104,0,1,1
1931,1,1,1
2430,0,0,0
4145,0,1,0
464,1,1,1
568,1,1,1
725,1,1,1
3808,0,0,0
1818,1,1,0
1526,1,1,1
4800,1,1,1
395,0,1,0
2279,1,0,0
4974,1,0,1
660,1,1,1
813,1,1,1
2101,1,0,0
1143,0,0,0
1035,1,1,0
4252,1,0,0
25,0,1,1
1823,0,0,1
5999,0,0,0
5996,1,1,0
5436,1,1,0
2538,0,0,0
1815,1,1,1
2954,1,1,1
1962,0,1,1
4868,0,0,0
773,1,1,1
5341,1,0,0
2812,1,0,0
4949,0,1,0
2908,1,0,1
3833,0,0,0
5898,1,1,1
201,0,0,0
4785,0,0,0
2070,0,1,1
1986,0,0,0
4696,1,1,0
4397,1,1,0
2774,1,1,1
5689,0,0,1
4625,1,0,0
790,0,0,0
2346,1,1,1
139,0,0,1
1886,0,0,0
338,0,1,1
260,1,1,1
36,1,1,0
719,0,0,0
5867,1,1,1
3390,0,0,0
376,0,0,0
3612,0,0,1
4554,1,1,1
4053,1,1,0
302,1,1,1
1075,1,1,1
5177,0,0,0
4727,0,1,1
4477,0,1,0
2489,0,0,0
362,0,0,1
5238,0,0,0
1565,1,1,1
4860,0,1,1
5618,1,1,1
4211,0,0,1
953,1,1,0
481,1,1,0
4036,1,1,1
272,0,1,1
5970,1,1,1
3196,0,1,1
5681,1,0,0
5990,1,1,1
5458,1,1,1
709,1,1,1
3710,1,0,1
4534,1,1,1
2948,0,0,0
6042,1,1,1
130,0,0,0
5007,0,0,0
4774,1,1,1
4012,1,0,0
3655,1,1,1
490,0,0,0
89,1,1,0
1635,1,1,1
1992,0,0,1
3940,1,1,1
351,0,1,1
2234,0,0,0
4015,1,1,1
5091,0,0,0
4507,1,1,1
4082,1,0,0
1942,1,1,1
399,1,1,1
3321,1,1,1
4406,1,1,1
6040,0,0,0
1049,0,0,0
3630,1,1,1
1821,1,1,1
1100,1,1,1
3427,1,1,1
3450,1,1,1
2024,0,1,1
5971,0,1,1
3044,1,1,1
421,0,0,0
1401,0,0,0
5931,1,1,0
2083,0,0,0
963,1,0,1
1101,1,1,0
3258,0,0,0
4748,1,1,0
4087,0,0,0
5200,1,1,1
435,0,0,0
2303,0,0,1
3392,1,1,1
829,0,0,1
788,0,0,0
4495,0,0,0
4124,0,0,1
456,1,0,0
4913,0,0,0
2073,0,0,0
4572,0,0,0
3402,1,1,1
1105,1,1,1
4935,0,0,1
1770,0,1,1
398,1,1,1
5487,0,0,1
797,0,0,0
2682,0,0,0
5041,0,0,0
5799,1,1,1
5017,0,0,0
4272,0,0,0
1458,0,0,0
1664,0,0,1
1334,0,0,0
755,0,0,1
65,1,1,0
177,1,1,1
4065,1,1,0
5110,0,0,0
3753,1,1,0
26,0,0,0
525,0,0,1
4657,0,1,1
3132,0,0,0
2369,0,1,1
2687,0,0,0
664,1,1,1
2893,1,1,1
4172,1,0,1
2456,1,1,1
1221,1,1,1
1742,0,1,0
4189,1,1,0
332,0,1,1
5235,1,1,1
2707,0,0,0
598,0,1,1
5952,0,0,1
2434,0,0,0
3408,1,0,1
1459,1,1,1
3447,1,1,1
1415,1,1,1
739,1,1,1
2804,1,1,1
228,0,0,0
5774,1,1,1
498,0,0,0
7,0,0,0
1977,0,0,0
902,1,1,1
4324,0,1,1
3570,0,0,0
5383,0,0,0
2365,0,0,0
3595,1,1,1
1237,0,0,0
6013,0,1,1
1932,1,1,1
4854,0,0,0
3016,0,0,0
949,1,1,0
1717,1,0,0
2183,0,1,1
2961,1,1,1
2576,1,1,1
4130,0,0,0
4758,0,1,1
138,0,0,0
4820,1,1,0
2017,0,0,0
251,0,1,1
4912,1,1,1
1090,1,1,1
2016,0,0,1
4610,0,1,0
4187,1,1,0
2821,0,0,0
912,0,0,0
2415,0,1,1
3588,0,0,0
1281,0,0,1
4705,1,1,1
2307,1,1,1
2118,0,0,0
911,1,1,1
4459,0,0,0
2158,1,1,1
3756,1,1,1
1089,0,0,0
5415,1,1,1
5327,1,0,1
3816,1,0,0
936,0,1,1
4396,0,0,0
1829,0,0,0
1250,1,0,0
5483,0,0,1
4028,0,1,1
5747,1,1,0
736,0,0,1
4026,1,0,1
5276,1,1,1
3879,0,1,1
4919,1,1,1
3832,1,1,1
1978,0,0,1
2667,1,1,1
1792,1,1,0
3178,0,0,0
4778,0,0,0
3741,1,1,0
4990,1,1,1
2688,1,1,1
3496,0,0,0
5795,0,0,0
5013,0,0,0
5754,1,1,0
2475,1,1,1
3155,1,0,1
3828,0,0,0
4593,1,1,1
4998,1,1,1
892,0,1,0
2644,0,0,0
5957,0,0,1
4463,1,1,1
3201,0,0,0
1725,1,1,0
3282,0,0,0
2051,1,1,0
5464,0,0,0
242,1,1,1
4839,0,1,1
2901,1,1,1
2046,1,1,1
4788,1,1,1
403,0,0,0
5620,0,0,0
50,0,1,0
2928,0,0,0
3005,1,0,0
4062,1,1,1
4580,0,1,1
558,0,0,1
4111,0,1,1
3316,1,1,1
2938,0,1,1
1151,0,0,0
9,0,1,1
1707,1,1,1
2593,1,1,1
3671,1,1,1
1614,0,0,0
1071,0,0,1
5966,1,1,1
5809,1,1,1
5767,0,0,0
716,0,0,0
1896,1,1,1
5497,1,1,1
3518,0,0,0
2123,0,0,0
318,0,0,1
5927,0,1,1
1672,0,0,1
4863,1,1,1
427,0,1,1
3105,0,0,1
3461,0,0,0
5777,1,0,1
3869,0,0,0
546,1,1,1
262,0,1,1
254,1,1,1
5700,1,1,1
6034,1,0,0
666,1,0,1
2902,0,1,1
171,1,1,0
1176,0,0,0
5394,1,1,1
1482,0,0,1
1906,1,1,0
3929,1,0,1
4781,0,0,0
1900,0,0,0
693,1,0,1
3663,1,1,1
5274,1,1,1
3650,0,1,1
4097,0,0,0
2115,1,1,1
2096,0,1,1
5448,1,0,1
5599,1,1,1
781,1,1,0
4143,1,1,1
4981,0,1,1
3210,1,1,1
541,0,0,1
5877,0,0,0
3643,0,1,1
2992,0,1,1
2678,1,0,0
5124,0,0,0
5902,0,0,1
2728,0,0,0
882,1,1,1
3401,0,0,0
3081,1,1,1
5446,0,0,0
5997,1,1,1
3978,0,1,1
1171,1,1,1
3470,0,0,0
2636,0,0,0
1329,1,1,0
5896,1,1,1
5864,1,1,1
75,1,1,1
3597,0,1,1
3331,0,0,0
4621,0,0,0
5351,1,0,0
2194,0,0,0
4882,1,1,1
5246,0,0,1
1466,1,0,0
2665,0,0,1
2387,0,1,0
3999,0,0,1
5627,1,1,0
5139,1,1,1
4224,1,1,1
945,0,0,0
4525,1,0,1
5935,0,1,0
842,1,1,1
4017,1,1,0
3378,0,0,1
4538,1,1,1
5967,1,1,1
6028,0,0,1
3871,0,1,1
225,0,0,0
4760,0,0,0
1856,0,0,0
5030,1,1,1
2677,0,1,0
4712,0,0,1
845,0,0,0
572,1,1,1
3585,1,1,1
4512,1,0,1
2849,1,0,0
2481,1,1,1
154,0,1,0
476,1,1,1
3933,0,1,1
3746,1,1,1
1690,1,1,1
278,1,0,1
3993,0,0,0
5318,0,0,1
6021,1,1,1
1087,0,0,1
3720,1,1,1
382,0,0,0
1099,0,1,0
3264,1,1,1
3271,0,0,0
2530,0,0,0
3432,0,0,1
4460,1,1,1
3183,1,1,1
918,1,1,1
207,1,1,1
5128,0,0,1
3854,1,1,1
5279,1,1,1
3398,0,0,0
297,1,1,0
1490,0,1,1
527,1,1,1
5298,1,1,1
442,1,1,1
2120,0,0,0
1138,1,1,0
3767,1,1,1
3513,1,1,1
2873,1,0,0
4852,1,0,1
2374,0,0,0
3590,1,1,1
4843,0,0,0
3544,0,1,1
1836,0,0,0
2453,1,1,0
3037,0,0,0
2008,1,1,1
3904,0,0,0
47,1,1,0
2201,0,0,0
3957,1,0,1
397,1,1,1
1507,1,1,1
3296,0,0,0
2612,1,0,1
4793,0,0,0
4993,1,1,1
4640,1,1,1
4337,1,1,1
5368,0,0,1
986,1,0,1
5765,0,0,0
5753,0,1,0
1434,1,1,1
2532,1,1,1
5643,1,1,1
237,1,1,0
2119,0,0,0
2286,0,0,0
3077,1,0,0
3979,1,0,0
1104,0,0,0
3716,1,1,1
802,1,0,0
5734,0,1,1
5807,0,0,0
4560,1,0,0
3881,1,1,1
4135,0,0,0
1737,1,1,1
4370,0,1,1
3426,0,0,1
4474,1,0,1
5299,1,1,0
4233,1,1,1
34,0,0,1
2245,0,0,0
4877,1,1,0
5100,0,0,0
4045,0,1,1
4320,1,1,1
564,1,1,1
5442,0,0,0
5826,1,1,1
74,0,0,0
855,1,1,1
309,1,1,1
4587,0,0,1
282,1,1,1
4845,0,0,0
3387,1,1,1
547,0,1,1
3721,0,0,0
5432,0,0,0
1570,1,1,1
2581,0,1,1
1158,1,1,1
1680,1,1,0
720,1,1,1
291,1,1,1
540,1,0,0
4932,1,1,1
2232,0,0,1
1036,1,1,1
3475,0,0,0
1047,0,0,0
5878,1,1,1
3205,1,0,1
2315,0,0,1
4245,1,1,1
60,1,1,1
1599,0,0,0
6044,1,1,1
1189,1,1,1
4669,0,0,0
4327,1,1,1
5870,0,0,0
2443,1,0,0
5851,1,1,1
535,0,1,0
4815,1,1,1
5426,1,1,1
4484,0,1,1
3393,1,1,1
4136,1,1,1
581,0,0,0
3727,1,1,1
195,1,1,1
1263,0,0,0
172,0,0,0
4080,0,0,0
3385,1,1,1
6020,0,0,0
2870,1,1,1
2569,1,0,1
924,1,1,1
2750,0,0,1
1013,1,1,1
4809,1,1,1
1173,1,1,1
1562,0,1,1
2597,0,0,1
1641,1,1,1
3916,0,1,1
5871,1,1,1
1430,0,0,1
3668,1,1,1
5478,0,0,1
5404,1,1,1
5690,0,0,0
3015,1,1,1
3560,0,1,1
6057,0,1,1
1239,1,0,0
4633,1,0,0
415,1,1,1
4629,1,1,1
5306,1,0,1
982,1,1,0
1164,0,1,1
1779,1,1,1
5499,0,0,0
2977,0,0,0
4671,0,0,0
586,0,0,0
595,0,0,0
1811,1,1,1
812,0,0,0
1949,1,1,1
5702,0,0,0
1167,0,0,0
1930,0,0,0
220,0,1,1
1065,1,1,1
4701,1,0,0
1692,1,1,1
3528,1,1,1
3709,1,1,1
2013,1,1,1
4076,1,1,1
774,0,0,0
305,0,1,1
3987,0,0,0
439,1,1,1
713,0,0,1
5547,0,0,0
3100,1,1,1
4685,0,0,0
1024,0,1,0
3244,1,1,0
1082,1,1,0
2727,1,1,1
4492,0,0,0
2293,1,1,0
734,1,0,1
1674,1,1,1
3078,0,1,1
4226,1,0,1
5342,1,1,1
5941,0,1,1
3483,0,0,0
4892,1,1,1
2113,0,0,1
4371,1,1,1
1610,1,1,1
1643,0,0,0
1219,1,1,1
1604,0,0,0
357,0,0,0
3369,0,1,1
530,1,1,1
4933,0,1,0
5839,1,1,1
1093,1,1,1
1765,0,0,1
4681,0,0,0
2444,0,0,1
1935,1,0,1
985,1,1,1
4711,0,1,1
2981,0,0,0
5365,0,0,0
4234,1,1,0
5895,1,1,1
3277,1,1,0
2337,0,0,0
5185,1,1,1
3549,0,1,1
5015,1,0,0
3231,1,1,1
4287,0,0,0
5104,0,1,1
1288,1,1,1
3397,1,1,1
137,1,1,1
973,1,1,0
5372,1,1,1
1648,1,1,1
3458,1,1,0
3523,1,0,1
615,0,0,0
4545,0,1,1
5140,0,0,0
1858,0,0,1
5040,1,1,1
5538,0,0,0
4269,0,1,1
1711,1,1,1
2268,1,1,0
5914,1,1,1
5849,1,1,1
2424,0,0,1
158,1,0,0
6033,1,1,1
4229,0,1,1
1366,0,0,0
414,1,1,1
2773,0,0,1
3823,0,0,0
2330,1,1,1
4213,0,1,1
5711,0,1,1
4109,1,0,0
2697,1,1,0
3301,1,1,1
4487,1,0,0
1040,1,0,0
4909,0,0,0
4893,1,1,1
3382,0,0,0
4291,0,0,1
5242,0,0,1
508,1,1,1
4205,0,0,0
3737,0,0,0
4746,0,1,1
2448,0,0,0
1781,0,0,0
4927,0,0,0
2985,1,1,1
5388,1,0,1
5614,1,1,1
2931,0,0,1
5790,1,1,1
3074,1,0,1
4414,1,1,1
4475,1,1,1
543,0,0,0
5706,0,0,0
4539,1,1,1
223,1,1,1
4733,0,0,0
4401,0,0,0
1402,0,1,0
3771,1,1,1
1872,0,0,0
4445,1,1,1
2136,1,0,0
180,0,0,0
3163,0,0,1
2173,1,0,0
2778,1,1,1
5255,0,1,1
5146,1,1,1
1322,0,0,1
4467,0,0,1
4164,1,1,1
539,1,1,0
289,1,1,1
5932,1,1,1
4165,0,0,0
975,1,1,0
2404,1,1,1
3970,1,1,1
4223,1,1,1
3127,0,0,1
4181,0,0,0
41,0,0,1
5165,0,0,0
3773,0,0,0
5513,1,1,0
3793,1,1,0
4517,0,0,0
5921,1,1,1
4316,0,0,0
2846,1,1,1
2930,1,1,0
4104,1,1,0
5933,0,0,1
5794,0,0,0
876,1,0,1
2383,0,0,0
1391,1,1,1
3809,1,0,1
506,0,0,1
4573,0,0,1
1014,0,0,0
3958,0,0,0
387,0,0,0
3488,1,0,0
307,1,1,1
1336,1,1,1
1863,0,1,0
1327,0,0,1
4447,1,1,0
3355,1,1,1
1255,1,0,0
4564,1,1,0
340,1,1,1
1801,1,1,1
5597,0,0,0
1955,1,0,0
5311,0,0,0
5089,1,1,1
2004,0,0,0
2595,0,0,0
747,0,0,0
3867,0,0,0
5068,1,1,1
4688,1,1,1
2053,1,0,1
3964,1,1,1
1503,0,0,1
5033,0,0,1
5106,0,0,0
1780,1,0,0
3624,1,1,1
765,0,1,1
4652,1,1,1
925,1,1,1
856,0,1,0
2620,1,0,0
5912,1,1,0
1270,1,0,0
5219,1,0,1
1839,0,0,1
1114,0,0,0
5724,0,0,0
3289,1,1,0
751,1,0,0
5223,1,1,0
2703,0,0,0
5053,1,1,1
4730,0,1,1
151,1,1,1
1032,0,1,0
2508,0,0,0
1442,0,0,0
346,1,1,1
3865,0,0,1
2630,0,0,0
1670,0,0,0
706,1,1,1
5628,1,1,1
2675,1,0,0
3464,0,0,0
1746,0,0,0
4956,1,1,1
1400,0,0,1
1017,1,1,0
2887,0,0,1
3159,0,1,1
3290,1,1,0
1649,1,1,0
2240,0,0,0
3495,0,1,1
1502,1,1,1
87,1,1,1
5775,0,0,1
2699,1,1,1
521,1,1,0
5481,0,0,0
1556,0,0,0
3446,0,0,0
5491,0,0,0
5109,0,0,1
5554,1,1,1
5470,1,0,0
1201,0,0,0
2135,1,1,0
5071,1,1,1
3443,1,1,1
5621,1,1,1
3901,0,1,1
5929,1,1,1
2735,1,1,1
4363,1,1,1
1142,1,0,1
3274,0,0,0
10,0,1,1
2945,0,0,0
3486,1,1,1
4581,1,1,0
4317,1,1,1
5467,1,1,1
2964,0,0,0
3006,1,1,1
3414,1,1,1
4880,0,1,1
2296,0,0,0
2885,0,1,1
4461,0,0,0
2671,1,1,1
1845,0,0,0
2099,0,0,1
569,1,0,0
537,1,1,0
5156,0,0,1
5087,0,0,1
3552,0,0,1
3187,1,1,1
2858,1,1,1
3213,0,0,0
2276,0,0,0
1408,1,1,1
5722,0,1,1
604,0,1,1
6014,0,0,0
5440,0,0,1
5612,0,0,0
2850,1,1,1
5009,0,0,0
2910,0,0,0
1332,1,1,1
1647,1,1,0
2701,0,0,0
3417,1,1,1
4382,0,0,1
5046,0,1,1
688,1,1,0
822,1,1,0
3343,0,0,0
4400,0,0,0
3087,0,0,0
3510,1,1,0
1677,0,0,0
1149,0,0,0
3626,1,1,1
4393,1,0,1
1493,1,0,0
4166,1,1,1
2114,0,0,0
4698,0,1,0
5991,0,1,1
1323,1,1,1
5910,1,1,1
5835,1,0,0
5881,1,0,0
4088,0,0,0
2946,0,1,1
4464,1,1,0
3193,0,1,1
5036,0,0,0
2087,0,1,1
917,1,1,1
3735,1,1,1
3804,0,0,1
1601,1,1,1
4078,1,1,0
559,0,0,0
3467,1,1,1
3298,1,1,1
3680,0,0,0
707,1,1,1
4417,1,0,1
583,1,0,0
1208,0,0,1
4520,0,0,1
422,0,0,0
2633,0,0,1
4563,1,0,1
875,1,1,1
5434,1,1,1
5305,1,1,1
4797,1,1,0
4308,1,0,1
1566,0,0,0
3632,1,1,1
5566,1,0,1
1183,1,1,0
227,1,1,1
826,1,1,1
2254,1,1,1
5674,1,1,0
2321,0,0,0
2942,0,0,1
5207,1,0,0
1636,1,0,0
2828,0,0,0
4341,1,1,1
3269,1,1,0
4354,1,1,1
3645,0,0,0
1190,0,0,1
5865,0,0,0
1374,1,1,0
1569,1,0,1
4768,0,0,0
3093,1,1,1
2134,0,0,1
5047,0,0,0
1808,0,1,1
825,1,1,1
2392,1,1,1
3607,0,0,0
2480,1,1,1
499,1,1,1
3315,0,0,0
5663,0,0,0
4702,1,1,1
4504,0,0,1
816,0,1,1
1316,0,0,0
465,0,0,1
2533,0,0,0
4926,1,1,0
509,0,0,0
146,1,1,1
5070,0,0,0
5668,1,1,1
2919,1,1,0
629,0,1,0
1536,0,0,0
5818,1,0,0
3022,0,1,1
3318,1,0,0
1196,1,1,0
3503,1,1,1
470,1,1,1
4516,0,1,0
4437,1,1,0
1789,0,1,1
2411,0,0,1
5014,0,0,0
204,1,1,1
2822,0,1,1
3120,1,1,1
3379,1,1,1
5144,1,1,1
2005,0,0,0
5624,0,0,0
3419,1,1,1
3646,0,0,1
2650,1,1,1
2747,0,0,1
3116,0,0,0
2352,0,1,1
1754,1,1,1
1215,0,0,0
4115,1,1,1
5364,0,0,1
4903,0,0,1
1451,1,1,0
2215,0,0,0
3678,0,0,0
1903,1,1,1
979,1,1,1
549,0,0,0
3167,1,1,1
5797,1,1,1
4747,1,0,1
2266,0,0,0
5328,1,1,0
1425,1,0,1
4167,0,0,0
3319,0,0,0
4455,0,0,0
576,1,1,1
2807,1,1,0
1452,0,0,1
3099,1,1,1
5718,0,1,0
445,1,1,1
4146,1,1,1
4023,0,0,0
627,1,1,0
347,1,1,1
341,1,0,1
4867,1,1,1
5853,0,0,0
777,1,1,1
4493,1,0,0
4095,0,0,0
4968,1,1,1
5695,0,0,1
4381,1,1,0
303,1,1,0
926,1,1,1
1072,1,1,0
675,0,0,1
5953,1,1,1
2308,1,1,1
2975,0,0,0
584,1,1,1
2012,0,0,0
3861,1,1,1
4315,0,0,0
5960,1,1,1
4970,0,0,0
5574,1,1,1
4279,1,1,1
2869,0,0,1
241,1,1,1
1862,1,1,1
1479,0,0,0
2014,1,1,1
3245,1,1,1
4247,0,0,1
786,0,0,0
3841,1,1,1
170,1,0,0
2536,1,1,1
3266,0,1,1
3492,1,1,1
896,1,1,1
3522,1,1,0
5654,0,1,1
2775,1,1,1
1376,1,1,1
4449,1,0,0
1446,1,1,1
5502,0,0,0
4413,1,1,0
477,1,0,0
3104,0,0,0
1617,1,1,1
337,1,1,0
1895,0,0,1
320,1,1,1
2129,0,1,1
5213,0,0,1
4934,1,1,1
635,1,1,1
620,1,1,1
3846,0,0,0
3501,0,1,0
1658,0,1,1
2102,0,0,0
3754,1,1,1
2186,1,1,1
4977,1,1,1
5275,1,1,1
5553,0,0,0
5915,0,0,0
3134,1,1,1
4691,1,0,1
4193,0,0,0
3214,0,0,0
2794,0,1,1
681,1,1,1
2312,1,1,1
1709,0,0,1
2298,1,0,0
4732,1,1,0
1261,0,0,1
4577,0,1,1
3415,0,0,0
4265,1,1,1
1950,0,0,1
5319,1,1,1
5486,0,0,0
22,1,1,1
735,1,1,1
536,0,0,1
3905,0,0,0
2769,1,1,1
1585,0,0,1
3541,0,0,0
5873,1,1,1
1349,0,0,0
3125,0,0,0
866,1,0,1
1127,0,0,0
4942,0,0,0
5920,1,1,0
122,1,1,0
5890,1,1,1
2831,0,1,0
5650,1,1,1
1767,1,1,1
4253,0,0,1
5348,0,0,0
5984,0,0,1
1607,1,0,0
2095,0,0,0
5798,1,1,0
3949,0,0,1
2421,1,1,1
5018,1,1,1
1797,1,1,1
4622,1,1,1
5581,1,1,1
4537,0,0,0
1506,1,1,0
2557,1,0,0
5048,1,0,0
2474,0,1,1
3882,0,0,0
4030,0,0,0
167,0,0,0
1193,0,1,1
2937,1,0,1
3431,1,0,0
3180,0,0,0
1220,1,1,1
3578,0,0,0
1194,0,0,1
2627,1,1,1
2364,1,1,1
3563,0,0,0
78,1,1,1
1698,1,1,1
4552,0,0,0
2476,0,0,1
5954,1,0,1
3409,0,0,0
4722,1,0,0
2755,0,0,1
4869,0,0,0
2190,1,1,0
370,0,0,1
485,1,1,1
5559,1,1,1
3474,1,1,1
3330,0,0,0
520,0,0,1
571,1,1,1
2647,0,0,0
4356,1,1,0
2281,0,0,0
1943,1,1,1
2816,0,0,0
947,1,0,1
3119,0,0,0
5571,1,1,1
2356,1,1,0
4544,1,1,1
5557,1,1,1
1489,1,1,0
4709,0,0,0
3936,1,1,1
3889,1,1,1
1096,1,1,1
2124,1,1,0
5247,1,1,1
3445,1,1,1
2655,1,1,1
5058,1,1,1
3836,1,1,0
4674,1,1,0
2824,0,0,0
510,1,1,0
1861,0,0,0
4090,0,1,0
1359,1,1,0
1107,1,1,1
533,1,1,1
4630,1,1,1
3252,0,0,1
2426,0,1,1
5369,1,1,0
2168,0,0,0
2668,0,0,0
413,0,0,1
5474,0,0,0
5691,1,1,0
3313,0,1,1
5445,0,0,1
2176,1,1,1
4607,1,1,1
5919,0,0,0
2731,0,0,0
3667,0,0,1
1730,0,1,1
3602,1,1,1
5412,0,0,1
1002,1,0,1
5552,1,0,1
5202,0,1,0
5593,1,1,1
4765,0,0,0
883,1,1,0
2736,1,1,1
3945,1,1,0
1688,1,1,1
1347,1,1,1
4060,1,1,1
1708,1,1,0
4070,1,1,1
160,1,1,0
670,0,0,0
1266,1,1,1
353,1,0,0
4614,0,0,0
2495,1,1,1
5827,1,1,1
2679,1,1,1
1551,1,1,1
2325,0,0,0
5441,0,0,1
5760,1,0,1
4643,0,0,0
5492,0,0,1
5670,1,1,1
4825,1,1,1
1365,1,1,1
3097,1,1,1
2225,0,0,0
5133,0,0,0
3739,0,0,0
363,0,0,0
2601,0,0,0
2081,0,0,0
3357,1,1,1
2359,0,0,1
2333,0,0,0
5116,1,0,0
614,0,0,1
1760,1,1,0
91,1,1,1
1644,1,1,1
5038,1,1,1
2570,1,1,1
2563,1,1,1
1964,0,0,0
3308,1,1,1
3868,1,0,0
4896,0,0,0
2001,1,0,0
2553,0,1,0
5366,0,0,1
2966,1,1,1
4307,0,1,1
1661,1,1,0
2401,0,0,0
5420,0,0,0
142,1,1,0
3091,1,1,0
3197,0,0,1
4192,1,1,0
258,1,1,1
1496,1,1,1
1602,0,0,0
5911,0,0,0
2741,1,1,1
2375,0,0,1
3555,0,0,0
649,1,1,1
2323,1,0,0
5039,0,1,0
970,1,1,1
4738,1,1,0
5511,0,1,0
3072,1,0,0
1305,1,1,0
4594,1,1,1
4446,1,1,0
4805,0,0,0
3090,1,1,1
3007,0,0,0
4169,0,0,0
3565,0,1,1
3872,1,0,0
4715,0,1,1
2284,1,0,0
2500,0,0,0
1782,1,1,1
1363,1,0,1
1468,1,0,1
4904,1,1,1
3056,0,0,0
1945,1,1,1
5387,1,1,1
3891,1,0,0
270,0,0,0
6001,0,1,1
5506,1,1,1
1696,1,1,0
5304,1,1,1
2449,1,1,1
1911,0,0,0
4155,0,0,0
1819,0,0,1
406,0,0,1
1805,0,1,1
4092,1,1,1
3262,1,1,1
2933,1,1,1
3704,1,0,1
3953,1,1,1
5290,0,1,0
5391,0,0,0
5241,0,1,1
5625,1,1,1
5055,1,1,1
3186,1,1,0
3479,0,0,1
1544,0,0,0
463,1,1,1
1223,0,0,0
5714,1,1,1
4883,0,0,0
3576,1,1,1
3247,1,0,0
1091,1,1,1
691,1,1,1
1241,1,1,1
103,0,0,0
5710,0,0,0
1631,1,1,0
4157,1,0,0
683,1,1,1
3511,0,1,1
3818,0,0,0
5093,0,0,0
1118,0,0,0
597,1,1,1
3459,1,0,1
2580,1,1,0
3986,1,1,1
4777,0,0,0
2818,0,0,0
2695,0,1,0
5316,0,0,1
3340,1,1,1
2080,0,0,0
199,0,0,1
4066,0,0,0
4682,1,1,0
2121,1,1,1
323,0,0,1
1813,1,1,1
2350,1,0,1
39,0,0,1
2672,1,1,0
68,1,1,1
2410,1,1,1
2182,0,0,0
4168,0,1,0
3531,0,0,0
679,1,1,1
3887,1,0,0
5317,1,1,1
3693,0,0,0
4941,0,0,0
2202,0,0,1
2528,0,0,0
3281,0,0,0
4889,1,1,1
365,0,0,0
733,0,0,0
4365,1,0,0
2341,1,1,0
2071,1,1,0
5269,0,0,0
954,1,0,0
2673,0,0,0
287,1,1,1
3226,1,1,1
3031,0,0,0
3064,1,1,1
5974,0,0,1
2549,0,0,0
2167,0,1,1
1388,0,0,0
2745,1,1,1
2425,1,1,1
1581,1,0,1
2833,1,1,1
2028,1,1,1
2062,0,0,0
5616,0,0,0
2609,0,0,0
38,1,1,0
4038,0,0,1
2556,1,0,0
3043,1,0,0
2311,0,0,0
3278,1,1,1
5652,0,0,0
2686,1,1,1
5456,0,0,0
2066,1,1,1
1057,0,0,0
793,0,1,1
4353,1,1,1
5150,1,1,1
1732,0,0,1
4510,1,1,1
1097,0,0,0
3752,1,0,0
1597,1,1,1
1293,0,0,0
950,1,1,0
1471,0,0,0
4605,0,0,1
4462,1,1,1
4222,1,1,1
2056,1,1,1
2130,1,0,0
5924,0,0,1
828,1,1,0
5673,1,1,1
2936,1,0,0
4583,0,1,1
2982,1,1,1
722,0,0,0
5922,1,1,1
3463,1,0,1
5680,1,1,0
5182,0,0,1
3240,1,0,1
2888,1,0,0
1595,1,1,1
4140,0,0,0
5936,0,1,1
5701,1,1,0
764,0,0,0
5322,1,1,1
2591,1,0,0
2525,1,1,1
1592,0,1,0
3096,1,1,1
3748,0,0,0
5569,0,0,0
1421,1,1,1
5778,0,1,0
654,1,1,1
3971,0,0,0
283,1,1,0
4198,0,0,0
4947,1,1,0
4524,1,1,1
2259,0,1,1
3703,1,1,1
2026,0,0,0
5940,1,1,1
3352,0,0,1
4432,1,1,1
5611,0,0,0
1445,1,1,1
981,1,0,0
2344,1,0,0
1153,1,0,0
3642,1,1,1
4008,1,1,1
674,0,0,0
468,1,1,1
1317,1,1,1
4158,0,0,0
429,1,1,1
1509,1,1,1
1555,1,1,1
1129,1,1,1
5344,0,0,0
1210,0,0,1
916,1,1,0
166,1,1,1
3059,0,0,0
4302,0,0,0
4312,1,1,0
5727,1,1,1
2613,1,1,1
2494,1,1,1
1000,1,1,1
1178,0,0,0
56,1,0,1
3020,1,1,0
208,0,1,1
2111,1,1,1
4429,0,0,0
3830,1,1,1
1307,0,0,0
1440,1,1,1
425,1,1,1
697,1,1,1
4680,1,1,1
1265,1,1,1
1623,1,0,0
5468,1,0,0
3579,1,1,1
1593,0,0,0
5772,0,1,1
2301,1,1,1
492,1,1,1
961,1,1,1
1860,0,0,1
5916,0,1,0
5395,1,1,1
3035,0,0,0
4761,1,0,0
978,1,0,1
5887,1,0,0
229,1,1,1
819,1,1,1
2866,0,0,0
1826,0,0,1
4178,0,1,1
5596,0,0,0
4678,1,1,1
1467,1,0,1
5284,1,1,1
621,0,0,0
4482,0,0,0
4911,1,1,1
3722,1,1,0
3048,1,1,1
1778,1,1,1
4171,1,1,1
336,1,1,1
2642,1,1,0
3165,0,0,0
1083,0,0,1
3400,0,0,0
2607,1,1,1
5324,1,1,1
3569,1,1,1
390,0,0,0
737,1,0,1
113,1,1,1
1068,1,1,1
3923,1,1,0
937,0,1,0
2299,0,0,1
1873,0,0,1
5586,1,1,1
3695,0,0,0
1015,0,0,0
2883,1,0,1
3291,1,1,0
257,1,1,1
2238,0,0,0
1339,1,1,1
1152,0,1,0
5347,0,0,1
2264,1,1,1
992,1,0,0
4034,1,1,1
1846,0,0,0
2558,1,1,1
1009,0,1,1
1972,1,1,1
4106,1,1,0
526,0,0,0
3664,1,1,0
3564,0,1,1
4655,0,0,1
5088,1,1,1
132,1,1,0
2462,1,1,1
35,1,1,1
441,1,1,0
64,1,1,0
2029,1,1,1
1668,0,0,1
5302,1,1,1
1282,1,1,1
3584,1,1,1
2175,0,0,0
638,1,1,1
4503,1,1,1
1224,0,0,0
5289,0,0,1
5626,1,1,0
3489,0,0,0
1218,1,1,0
1598,1,0,0
2725,1,1,1
2836,1,1,1
4646,1,1,1
4757,1,1,0
767,0,0,0
2572,1,1,1
5081,1,1,1
1294,1,1,1
135,1,0,1
5719,1,1,1
4350,1,1,0
1108,0,0,1
1659,1,1,1
1744,1,1,0
1278,0,0,1
3157,1,1,1
4498,0,0,1
2959,1,1,1
5863,0,0,1
3546,1,1,1
5135,1,1,1
2952,0,0,0
129,0,0,1
2700,1,1,1
3457,1,1,0
2255,0,0,0
27,1,0,0
4091,1,1,0
5099,1,1,1
4884,1,1,0
3851,0,0,0
452,1,1,1
1234,1,1,1
5455,0,0,1
1719,1,1,1
5779,0,0,0
5787,1,1,1
4043,0,1,1
4553,1,1,1
5721,0,0,0
459,1,1,0
3558,1,1,1
2391,1,1,1
680,1,1,1
2009,1,1,1
5508,1,1,1
2466,1,1,1
3811,0,0,0
1747,1,1,1
4197,0,0,0
1954,0,0,0
361,1,0,0
1804,1,1,1
4686,0,0,0
4259,0,1,1
202,0,0,1
934,1,0,1
3525,0,0,1
5360,1,1,1
5858,0,1,0
4029,1,1,1
3651,1,0,1
964,1,1,1
124,1,1,0
5463,0,0,0
3025,1,1,1
5745,0,1,1
1965,1,1,1
2972,0,0,0
2960,0,0,0
2515,0,1,0
5179,0,0,1
4986,0,0,0
446,1,1,1
4901,1,1,1
4917,0,0,0
3822,0,0,0
2996,0,0,0
647,1,1,1
5709,0,1,1
3323,0,0,1
1757,1,1,1
1588,1,1,0
935,1,1,1
1450,1,1,1
523,1,1,1
1353,1,0,1
3138,0,1,1
1188,1,0,1
4131,0,0,1
3440,0,0,0
5291,1,1,1
877,1,1,0
3294,1,1,1
2022,0,0,0
4425,1,1,1
66,1,1,1
3694,1,1,1
1481,1,1,1
5411,0,0,0
3892,1,1,1
3429,1,1,1
5301,0,0,0
1944,1,1,1
4502,0,0,0
3931,1,1,1
3542,0,0,1
4469,0,0,1
782,0,0,0
2163,1,0,0
4120,1,1,1
226,0,0,0
760,0,0,1
5072,1,1,1
514,0,0,1
1605,1,1,1
2891,1,1,1
3930,1,1,1
4543,0,1,0
908,1,1,1
193,1,1,0
742,1,1,1
612,1,1,0
4421,1,1,1
1870,0,1,1
4699,1,1,1
3638,0,1,1
401,0,0,0
3540,0,0,0
849,1,1,1
4351,0,1,0
1728,0,0,0
374,1,1,1
5379,0,0,0
2935,0,0,1
1007,1,0,0
5804,1,0,0
4987,1,1,1
409,0,0,0
578,0,0,1
692,1,0,0
1611,1,1,0
2734,0,0,0
655,1,0,1
4281,0,1,1
3839,1,1,1
4619,0,0,0
5169,1,1,1
3133,1,1,1
590,0,1,0
2906,0,1,1
1575,0,0,0
3129,1,0,0
5236,1,0,0
2396,1,1,1
3124,1,1,1
2660,1,1,1
1871,1,0,1
743,1,1,1
5333,0,0,0
182,1,1,0
4518,1,0,0
2716,1,0,1
1053,1,1,1
4210,1,1,1
653,0,0,1
148,0,0,0
708,0,1,1
369,0,1,1
23,1,1,1
3312,0,0,0
1285,1,1,1
1957,0,0,0
2260,0,0,0
1199,1,0,0
469,1,1,1
5842,0,1,1
1192,1,1,1
106,0,1,1
1484,1,1,1
4980,1,1,1
350,1,0,0
4019,0,0,1
1260,0,1,1
48,0,1,1
1443,0,0,0
5629,1,1,0
4796,0,0,0
5044,0,0,0
2511,0,0,0
4496,0,0,1
3608,0,0,1
5928,1,1,1
5178,1,1,1
5819,0,0,0
3033,0,0,1
2771,1,1,1
5822,1,0,0
4376,0,1,1
5666,0,0,1
2125,0,0,1
30,0,1,1
2306,1,1,0
1226,0,0,0
2329,1,1,1
3413,0,0,0
4996,0,0,0
173,0,1,0
2676,1,1,1
5572,1,1,1
3241,0,1,1
4579,1,1,1
5107,0,0,1
4828,1,1,1
5930,0,1,1
807,0,0,0
1469,1,1,1
3902,1,1,1
5602,1,1,1
4360,0,0,0
3195,0,0,0
493,0,1,0
1001,0,0,0
2317,1,1,1
4609,0,0,0
5768,0,0,1
972,0,0,0
4832,0,0,0
5609,1,0,1
2811,1,1,0
384,0,0,0
4110,1,1,1
1663,0,1,1
3345,1,1,1
1701,1,1,1
4112,0,0,0
4405,0,0,0
1058,1,1,0
640,0,0,0
3010,1,1,1
2813,1,1,1
5560,0,0,0
5696,1,1,1
1186,1,1,1
2662,0,0,0
5494,1,1,0
1716,1,0,1
2469,1,1,1
1920,1,1,1
3143,0,0,0
5505,0,0,0
4841,0,0,0
585,0,0,0
4319,1,1,1
5869,1,1,1
76,1,0,1
2368,0,0,0
625,0,0,0
3403,0,0,0
3713,0,0,0
1407,1,0,0
1905,1,0,0
375,1,0,1
80,1,1,0
2170,1,1,0
4125,0,0,0
2786,1,1,0
2793,0,0,0
5160,0,0,0
189,1,1,1
5824,1,1,1
5608,1,0,0
5963,0,1,1
4527,1,1,0
2059,1,1,0
4604,0,0,0
2248,0,0,0
1383,0,0,0
4309,0,1,1
5032,0,0,0
5802,1,1,1
3476,1,1,1
5283,0,1,1
3106,0,0,0
2110,0,0,0
240,0,1,0
1517,1,1,1
4776,1,1,1
676,0,0,0
3702,1,1,0
4925,1,1,1
4338,0,1,1
5570,1,1,1
1382,1,1,0
1205,0,0,1
2454,0,0,0
4856,0,0,0
1027,0,0,0
1816,1,1,1
5080,0,0,0
5272,0,1,1
3430,0,1,0
2830,0,0,1
5389,0,0,1
3055,1,1,1
628,1,1,1
2373,0,0,0
5078,1,0,0
3070,1,1,0
2367,0,0,1
5567,1,1,1
1292,1,0,0
5129,1,1,0
2814,0,0,0
3150,1,0,0
2826,0,0,1
3852,0,1,1
2614,0,0,0
4048,1,1,1
5534,1,0,0
3617,0,0,1
5517,0,0,0
1654,1,1,0
140,1,1,1
1589,0,1,1
2496,1,0,0
4037,1,1,1
5988,0,0,0
5154,0,0,1
1069,1,1,1
1136,1,1,1
4325,0,1,0
999,0,0,0
2715,0,0,1
3200,0,0,0
5564,1,1,1
24,1,1,1
2149,1,1,1
261,0,0,0
3910,0,0,0
3040,1,0,0
3297,1,1,0
5131,1,1,1
2422,0,0,0
3490,1,1,1
3609,0,0,1
1695,0,0,0
8,1,1,1
1066,1,1,1
1902,1,1,0
1713,1,1,1
3061,1,1,1
400,0,1,1
5187,0,1,1
5433,0,0,0
1994,1,1,1
1539,1,1,0
5576,1,1,1
4134,0,0,0
864,0,1,0
5832,1,1,0
2433,1,1,1
5285,1,0,0
4303,1,1,1
3328,1,1,1
3101,1,1,1
3362,0,0,0
2568,1,1,1
4499,0,0,0
890,1,1,1
5237,0,0,1
698,1,0,0
4139,1,0,0
293,1,1,1
4055,1,0,0
2724,1,1,1
2297,1,1,1
3788,1,1,1
4041,1,1,1
1112,1,1,1
631,1,1,0
212,1,1,1
4054,1,1,1
5543,1,0,0
1609,0,0,0
5939,1,1,1
4410,0,0,1
2376,1,0,1
198,1,1,1
5471,0,1,1
3781,0,0,0
5969,1,1,1
5679,1,1,1
6066,0,1,1
5198,0,0,1
3944,1,0,0
1934,0,0,0
3535,1,1,0
570,1,0,0
3141,1,1,1
3728,0,1,0
2631,1,1,1
295,0,0,0
3171,0,0,0
2876,1,0,1
5084,0,0,0
4827,1,1,1
4638,0,0,0
4348,0,0,0
3310,1,1,1
1204,0,0,1
4834,1,0,0
567,0,0,1
2446,0,0,1
3000,1,1,0
2439,0,0,0
4606,0,1,1
4906,0,1,0
2085,1,1,1
2509,0,0,1
3623,1,1,1
5956,0,0,0
5062,1,1,1
1645,1,1,1
3815,1,1,1
5678,0,0,0
750,1,1,1
1161,1,1,1
4001,0,0,1
2074,1,0,1
277,0,0,1
4254,1,1,1
1146,0,0,1
294,0,1,0
977,0,0,0
4355,1,1,1
1761,0,0,0
3018,1,1,1
1168,1,1,1
3517,1,1,1
2314,1,1,1
3324,0,0,0
3545,0,0,1
4665,1,0,0
1369,0,0,0
4850,1,1,1
904,1,0,0
4163,1,1,1
2585,0,0,1
5075,0,1,1
4920,0,0,1
1314,0,0,1
4085,1,1,1
3915,0,1,1
1726,0,0,0
2357,0,1,1
4881,1,1,1
5381,0,0,0
5270,0,1,1
4848,0,0,0
5061,0,0,1
4430,1,1,1
5658,1,1,1
1397,1,1,1
1244,0,0,0
833,0,0,0
149,1,0,0
3647,0,0,1
2348,0,0,0
5003,1,1,1
184,0,1,1
887,1,1,1
920,1,1,1
1487,0,0,0
2926,0,1,1
3634,0,0,0
5035,0,0,0
5211,1,1,1
672,1,0,1
1908,1,1,1
2108,0,0,1
2035,0,0,0
2231,0,0,0
264,1,1,1
3299,0,0,0
2504,0,0,0
5427,0,0,0
1411,0,0,0
5661,0,0,0
3030,1,0,1
4898,1,1,1
209,0,0,0
5687,1,1,1
2250,1,1,1
2395,1,1,1
4779,1,1,1
1500,0,0,0
2291,0,1,1
1084,1,1,0
1267,1,0,1
1109,0,0,0
3547,1,0,0
2749,1,1,1
3454,1,1,0
4597,1,1,1
2882,1,1,0
3437,1,0,0
3322,1,1,1
3966,0,0,0
809,1,1,0
3170,1,1,1
3028,1,1,1
2875,1,1,1
3254,0,0,1
3975,0,0,0
3029,1,1,1
5917,0,1,1
5600,0,0,0
51,1,1,1
5744,0,0,1
4465,0,0,0
3154,0,1,1
1969,1,1,1
2713,1,1,1
1362,1,1,1
1514,1,0,1
2152,0,0,0
5296,0,0,0
112,1,1,0
5137,0,0,0
168,1,1,1
2322,1,1,1
4837,0,1,1
5748,1,1,1
5277,1,1,1
2602,0,1,1
4886,1,1,1
4256,1,1,0
1245,1,1,1
1354,0,0,1
3758,0,0,0
4235,1,1,1
1157,1,1,1
3537,0,0,0
5803,1,1,1
3326,0,0,0
4654,1,1,1
6018,0,0,1
1115,0,0,0
2483,1,1,1
853,0,0,1
4637,0,0,0
4435,1,1,1
5523,1,1,1
2258,1,1,0
3899,1,1,0
53,1,1,1
4061,1,1,1
5437,1,1,1
2177,0,0,1
5475,1,1,1
5532,0,0,0
3700,1,1,1
2552,1,1,1
5490,1,1,0
2841,1,1,1
1212,1,0,0
4263,1,1,1
3145,0,0,1
4448,0,0,1
5343,0,0,0
3848,0,0,0
3994,1,1,1
5741,1,1,1
4585,1,1,1
3591,1,0,1
5720,1,1,1
2765,1,0,1
515,0,1,1
5639,1,0,0
2709,0,0,0
356,0,0,0
5529,1,1,1
2710,1,1,1
529,1,1,1
3320,1,1,1
59,0,1,1
948,1,1,1
4955,0,0,1
281,0,0,0
3348,0,0,0
1629,1,1,1
2782,1,1,0
4180,0,0,0
4661,0,0,0
5164,1,1,1
451,0,0,1
3575,1,1,1
2732,0,0,0
4736,1,1,1
1276,1,0,0
1283,0,0,0
4047,0,0,1
5676,0,0,1
1530,0,0,0
4033,0,0,0
805,1,1,1
5736,1,1,1
1529,1,0,1
2554,1,1,1
3749,0,0,0
4795,0,1,1
49,0,0,0
2691,1,1,1
3054,1,1,0
801,1,1,1
5310,1,1,1
1367,0,1,1
424,0,1,1
5823,0,0,0
0,0,0,1
4568,0,0,0
2034,1,0,0
1269,1,1,0
176,0,0,0
5413,0,0,0
512,1,0,0
1286,0,0,0
1462,1,1,1
2409,1,1,1
5884,0,1,1
2384,0,1,1
766,0,0,1
1348,0,1,0
3785,0,0,0
2482,1,1,1
1054,0,0,0
5544,1,0,0
5252,1,1,0
2455,0,0,0
532,1,1,1
5335,1,1,1
5382,0,0,0
5452,1,1,1
380,1,0,0
1866,1,1,1
5469,1,1,1
3346,0,1,1
2681,1,1,1
5132,1,1,1
930,1,0,1
2626,1,1,1
2526,0,0,1
6009,0,0,0
6062,1,1,1
419,1,1,1
3714,0,0,1
1480,1,1,1
1059,1,1,1
1970,1,1,1
4176,1,1,1
73,0,0,1
3173,1,1,0
2604,1,1,1
2880,0,0,0
1252,0,1,1
4394,1,1,1
1894,0,0,1
2598,0,1,1
1864,1,1,1
1461,0,1,1
4603,1,1,1
1181,1,1,0
5484,0,1,1
488,1,1,1
1124,0,0,0
1257,0,1,1
1541,1,1,1
388,1,1,1
3065,1,1,1
3919,0,0,0
5752,0,0,0
2211,0,0,0
1290,1,1,0
2510,1,1,1
2995,1,1,1
5781,1,0,1
455,0,0,0
815,1,1,1
1086,0,1,1
2920,0,0,0
2638,0,0,0
3130,1,1,0
5918,1,1,1
5592,1,1,1
1279,1,1,1
4700,1,1,1
1429,1,1,1
2777,1,1,1
2222,1,1,1
352,0,1,1
4419,1,1,1
3719,1,1,1
3389,0,0,0
3873,1,1,1
2082,0,0,0
1203,0,0,0
1405,1,1,1
5230,1,1,1
1699,1,1,0
1705,1,1,1
2913,1,1,1
4718,0,1,0
1274,1,1,0
2207,0,0,0
163,1,1,1
2047,1,1,1
4894,0,0,0
3280,0,0,1
3360,0,0,0
3688,1,1,1
5594,1,1,1
408,1,1,1
4238,0,0,0
4118,1,1,1
6068,0,1,0
641,1,1,1
5472,1,1,1
1343,1,1,1
4480,1,1,1
888,0,0,0
1557,1,1,0
1085,0,0,0
3927,1,1,0
531,0,1,1
3008,1,0,0
2447,1,0,0
5973,0,0,0
2767,1,0,1
1671,0,0,1
2109,0,0,0
1148,1,1,1
3166,1,1,1
266,1,1,1
3763,1,1,1
5906,0,0,1
3736,1,1,0
360,0,1,0
1460,0,0,0
3421,1,1,1
952,1,1,1
2160,1,1,1
5955,0,0,0
1574,1,1,0
5377,0,1,1
3337,1,1,1
1842,1,1,1
2208,0,0,0
2979,0,0,0
3436,1,1,1
5037,0,0,1
754,1,1,1
1378,0,1,1
980,0,0,0
2100,1,1,1
286,0,0,0
3533,1,1,1
3088,1,1,1
1154,1,0,1
1511,0,0,0
4231,1,1,0
3261,1,1,1
5206,1,1,1
2191,0,0,1
211,1,0,0
5292,0,0,1
3164,1,1,1
274,1,1,0
88,1,0,0
2798,0,0,0
2324,1,1,1
298,0,1,1
4663,1,1,0
3674,0,1,1
5514,0,1,1
3776,0,1,1
5531,0,0,0
315,1,1,0
5408,1,0,0
2151,0,1,0
3288,1,1,1
3117,0,0,0
5631,1,1,1
2020,0,0,1
5249,1,0,1
2974,1,1,1
1275,0,0,0
2413,0,1,1
528,0,1,1
4404,1,0,1
1505,0,0,0
3598,0,0,0
3681,1,0,1
1318,1,1,1
3380,0,0,0
3034,0,1,1
2380,0,0,0
4811,1,1,1
4311,1,0,1
2616,0,0,0
1166,1,1,1
4725,0,0,0
3471,1,1,0
5105,0,0,1
6011,1,1,1
5766,0,0,0
5265,1,1,1
2871,1,1,1
1222,1,1,1
5162,1,0,0
4255,1,1,1
1982,1,1,1
5166,1,0,1
4020,1,1,1
371,1,1,1
3482,0,1,1
2131,1,0,1
3418,1,0,0
3424,0,0,0
1538,1,1,1
5875,0,1,1
2744,0,0,1
1553,0,1,1
4335,0,0,1
2817,1,1,1
5112,1,1,1
618,1,0,0
2381,0,1,1
4391,0,0,0
4526,0,0,0
4375,1,1,0
3524,1,1,0
2629,0,1,1
4123,0,0,0
5419,0,1,1
2766,0,0,0
3895,1,1,1
1656,0,0,1
4818,0,0,1
969,0,0,0
1843,0,0,0
3024,0,0,0
3151,0,1,0
3386,1,1,1
5398,0,0,1
1211,0,0,1
5210,0,0,0
1428,0,0,0
5598,1,1,1
426,0,0,1
4094,1,1,1
4271,0,0,1
1923,1,1,1
4689,0,0,1
3395,0,1,1
5725,0,0,0
404,0,0,0
491,1,1,1
5546,1,1,1
3494,1,1,1
824,1,1,1
2542,1,1,1
3673,0,0,1
2790,1,1,1
5023,1,1,1
3515,0,1,1
5295,1,0,1
5888,1,1,1
1788,1,1,1
2187,0,0,0
2145,0,0,0
4505,1,1,1
3246,1,1,1
1841,1,1,1
1209,1,1,1
974,1,0,0
474,1,1,1
3311,0,1,0
215,0,0,0
656,1,1,0
4596,0,0,0
3235,1,1,1
2519,1,0,0
1583,1,1,1
4634,1,1,0
5326,1,1,1
1130,1,1,1
3038,1,0,0
2063,0,0,0
4592,1,1,1
4407,1,0,1
131,1,1,1
4347,0,0,0
3566,0,0,0
1341,1,1,1
2184,1,1,0
5199,1,0,1
4743,0,0,1
594,1,1,1
5501,1,1,1
810,1,1,1
247,1,1,1
4374,1,1,1
29,0,0,0
1119,0,0,0
3363,0,0,0
4842,0,0,0
2792,1,1,1
4243,1,1,1
4755,0,1,1
5196,1,1,0
1974,1,1,1
4666,1,0,0
633,1,1,1
46,0,0,1
5425,1,1,1
4745,1,1,1
5212,0,0,1
868,0,1,1
1320,0,0,0
5340,1,1,1
4923,1,0,0
1543,1,1,1
4129,1,1,1
3559,0,0,0
4217,0,0,0
2503,0,0,0
3567,1,1,1
4693,0,0,0
3058,0,0,0
860,1,0,0
4105,0,0,0
2138,1,1,0
1984,0,0,0
4885,0,0,0
2310,0,0,0
2759,0,0,0
2531,1,1,1
848,0,1,1
1243,0,0,0
4713,1,1,1
4174,1,1,1
4270,1,0,0
3045,0,1,1
1180,1,1,1
3460,1,1,1
4330,0,0,1
2371,1,0,1
2,0,0,0
5908,1,0,1
6027,1,1,1
1755,0,0,0
4011,1,1,1
1048,0,0,1
1418,1,1,1
4491,1,1,0
5730,1,1,1
862,1,1,1
3863,1,1,1
5346,0,0,0
5821,0,1,1
2551,1,1,1
5998,1,1,1
2431,1,1,0
3797,0,0,1
310,0,0,1
1618,1,0,1
1092,1,1,0
1940,1,1,1
3825,0,1,1
1229,1,1,1
4855,0,0,0
5728,0,1,0
1733,1,1,0
6046,1,1,1
4759,0,0,0
3750,0,0,0
3063,1,0,0
2622,1,1,1
1393,1,0,1
4838,1,1,1
4562,0,0,0
4349,1,1,1
2834,0,0,0
2405,0,1,0
3009,1,1,1
4122,0,0,0
762,0,0,0
3890,1,1,1
5320,0,0,0
966,0,0,0
3314,1,1,1
3441,0,0,0
682,1,0,0
4959,0,1,1
2546,1,1,0
991,0,0,0
914,1,0,0
5034,1,1,1
5073,1,1,1
185,0,0,0
922,0,0,0
5293,0,0,1
4170,1,1,1
3556,0,0,1
5792,1,1,1
1619,1,1,1
1830,1,1,0
2484,1,1,0
3148,0,0,0
740,1,1,0
5336,1,1,1
971,0,0,1
2564,0,0,1
4915,1,1,1
3962,1,0,0
1116,0,0,0
156,1,1,1
2467,1,1,1
3860,1,1,1
831,0,0,0
835,0,1,1
2825,0,0,0
502,0,0,0
989,1,1,0
3937,0,0,0
923,0,1,1
2044,1,1,1
1980,1,1,0
249,1,1,1
3911,0,0,0
2683,0,0,0
1346,1,1,1
5535,1,1,1
5180,1,0,0
3653,1,1,1
355,1,1,0
744,0,0,1
844,1,1,1
723,0,1,1
1976,0,0,0
2955,1,0,0
4340,0,0,1
2214,0,0,1
5780,1,1,1
3648,0,1,1
3870,0,1,0
4488,1,0,0
3292,1,1,1
5098,0,0,0
1258,1,0,0
2988,0,0,0
85,0,0,1
746,1,1,1
1867,0,0,0
1315,1,1,1
3898,0,1,0
5008,0,0,0
962,0,0,0
4650,0,0,0
265,0,0,0
2428,1,1,0
4116,1,1,1
3086,1,1,1
3139,1,1,1
2069,0,0,0
4202,0,0,1
4533,0,0,0
1800,1,1,0
2235,0,0,0
3543,1,1,1
3062,1,1,1
2212,0,0,0
5905,1,1,1
4266,1,1,1
5964,1,1,1
1985,0,0,0
1371,0,0,0
2122,1,1,1
3907,1,0,0
5817,1,1,1
2057,1,1,1
5815,1,1,0
3947,0,0,1
2058,0,0,0
3711,1,1,1
2904,1,0,1
4922,1,0,0
3838,0,0,0
5429,1,0,1
6008,0,0,0
284,1,1,1
95,1,1,1
5784,1,1,1
2664,0,0,1
3955,0,0,0
3442,1,1,0
5147,1,1,1
5959,0,1,1
2649,1,1,1
2280,1,1,1
2521,1,0,0
3613,1,1,1
1284,1,0,0
4022,0,0,0
2003,1,1,1
2153,1,1,1
3764,1,0,1
2239,0,0,0
3932,1,0,1
5186,1,1,1
4151,0,0,0
4578,1,1,1
43,0,0,0
3956,1,1,0
4416,0,0,1
2802,0,0,0
3089,1,1,1
5127,1,1,1
5528,1,1,1
5431,0,0,0
4333,1,1,1
1809,0,0,1
1003,1,1,1
3859,0,0,0
5148,1,1,0
2393,0,0,0
1076,1,1,1
5287,0,0,0
3855,1,1,1
3412,1,1,1
5167,1,1,1
300,1,1,1
2898,1,1,0
2507,0,1,1
942,0,0,1
5258,1,0,1
2370,0,1,1
1259,1,1,1
5261,1,0,0
2522,1,0,0
3156,0,0,0
4559,0,0,0
4101,1,1,1
841,1,1,0
1868,1,1,1
326,1,1,1
2436,1,1,0
5713,1,1,1
3208,1,1,1
5623,0,0,1
1464,1,0,1
4988,1,1,0
3131,1,1,1
2061,1,1,1
4790,1,0,0
4483,0,0,1
2571,1,1,1
3103,1,1,1
3333,1,1,1
603,0,0,1
4938,1,1,1
4418,0,0,0
865,1,1,1
1890,1,1,1
4042,0,0,1
5645,0,0,0
5975,1,1,1
3367,0,0,0
1280,0,0,0
830,1,1,1
3149,0,1,0
3799,1,1,1
1904,1,0,1
4551,1,1,1
4403,0,1,1
2050,1,1,1
1302,1,1,0
328,1,1,1
4849,1,1,0
1704,0,1,1
2493,1,0,0
6005,1,1,1
4025,1,1,1
479,0,0,0
3629,1,1,1
1175,1,1,1
5551,1,0,1
2957,1,1,1
4010,0,1,1
117,1,1,1
2862,1,1,0
879,0,1,1
1029,1,1,0
466,1,1,1
5239,1,1,1
3083,0,1,0
1901,0,1,1
1975,0,0,1
776,1,1,1
4664,1,1,1
1786,0,1,0
5416,0,0,1
6006,1,1,1
5188,0,0,0
84,0,0,0
1665,1,1,1
3487,1,1,1
5184,1,1,1
2789,1,0,0
4851,0,0,0
2143,0,0,0
2199,0,0,0
511,1,1,1
3209,1,0,0
731,1,1,1
2220,1,1,1
5321,1,1,1
4626,1,1,1
5352,1,1,0
4861,0,0,0
2783,0,0,1
2002,0,0,0
5891,1,1,1
3666,0,0,1
5518,0,0,0
4470,1,1,0
1633,1,1,1
5421,1,1,1
2757,0,0,1
2859,0,0,0
1184,1,1,1
3122,0,0,0
3184,0,0,0
2055,1,1,1
4334,0,0,0
4083,1,1,1
127,0,0,1
4450,0,1,1
164,0,1,1
5743,0,1,1
1510,0,1,1
3199,0,0,1
1319,1,1,0
2540,0,1,1
472,0,1,1
1997,0,1,0
18,0,0,0
3952,0,0,1
2956,1,1,1
2042,0,1,1
5158,1,1,1
2137,1,1,1
1025,0,0,0
97,1,0,0
5430,1,1,1
3114,0,0,0
5119,0,0,0
2835,0,0,0
3161,0,1,1
449,0,0,0
550,1,0,1
4372,1,1,1
3744,1,1,1
178,1,1,0
4529,0,1,1
3654,1,1,1
1340,0,0,0
5894,0,1,1
3548,0,0,0
3520,0,0,1
1591,0,1,1
1516,0,1,1
741,1,1,1
4963,1,1,0
1769,0,0,0
5610,1,0,0
483,1,1,1
5682,0,0,1
2810,0,0,0
2021,1,0,1
6002,1,1,1
1910,0,0,1
2485,1,1,0
780,1,0,1
4644,1,1,1
77,1,1,1
4878,1,1,0
1889,1,0,1
5103,0,0,1
5980,1,1,1
5587,1,0,0
673,1,0,0
2203,1,1,0
4782,0,0,0
4971,1,1,0
458,1,1,1
2865,1,1,1
752,1,1,1
121,1,1,0
3637,1,1,1
699,0,0,0
2924,1,1,0
5362,0,0,0
1492,0,1,1
5987,1,1,1
1948,0,0,1
2086,1,1,0
3365,1,0,1
31,0,0,1
2154,0,0,0
2758,1,1,1
69,1,1,1
1449,1,1,1
5215,0,1,1
5872,0,0,1
3175,0,1,1
3627,1,1,1
3877,1,1,1
5286,1,1,1
3959,1,1,1
5755,0,0,1
3221,1,1,1
3146,0,0,1
1531,1,1,1
4501,1,1,1
5338,0,0,0
2432,1,0,0
4361,0,1,1
3574,1,1,1
3182,0,1,0
1912,1,0,0
504,0,1,0
339,0,0,1
4910,1,0,1
3580,1,1,1
5675,0,1,1
798,0,1,1
5026,0,1,0
4840,1,1,1
5074,1,1,1
5683,1,1,1
5830,0,0,0
61,1,0,1
1775,0,1,1
2845,0,1,1
5986,1,1,0
2460,1,1,1
4237,1,1,0
5844,1,1,1
1567,1,0,0
4289,0,0,0
4742,1,1,1
4456,1,1,1
2848,1,1,1
1689,1,1,1
4153,1,1,1
2986,1,1,1
2419,0,0,0
4454,1,1,1
5828,1,1,0
1568,0,0,0
3965,1,1,0
2339,1,1,1
2094,1,1,1
5019,0,1,1
2041,0,1,1
4373,0,1,1
2200,1,1,1
2272,0,1,1
381,0,0,0
3864,0,1,1
2412,1,1,0
3912,1,1,1
1390,1,1,1
5120,1,1,1
5460,1,1,0
3914,0,0,0
1952,0,0,0
4162,0,1,1
5151,1,1,1
2915,1,1,1
2342,1,1,1
4209,0,0,0
245,1,1,1
1439,0,0,0
1022,1,1,1
3233,1,1,1
5076,1,1,1
411,0,0,1
2261,0,0,0
1062,1,0,1
4212,0,0,0
5950,1,0,1
5746,1,1,1
4343,1,1,0
3561,1,1,1
665,1,1,0
5985,1,1,1
5638,0,0,0
4188,0,0,1
5995,1,1,1
114,1,1,1
3989,0,0,1
2302,1,1,1
2477,1,0,0
3250,0,0,0
118,0,0,0
1981,1,0,0
2180,1,1,1
162,0,0,1
263,0,0,0
5409,1,1,1
4342,1,1,1
775,1,1,1
4871,0,0,0
4648,1,1,1
5209,1,1,1
5496,0,0,0
4676,0,0,0
4940,0,1,1
4473,1,1,1
651,1,1,1
3723,0,0,0
5466,0,0,0
1170,1,1,0
5579,0,1,0
3011,1,1,1
6007,0,0,0
3874,1,1,1
6000,1,1,1
1368,0,0,0
897,1,1,1
928,0,0,0
4772,1,0,1
14,0,0,0
2548,0,0,0
967,0,0,0
1106,0,1,0
5558,1,1,1
4336,0,0,0
3968,1,1,0
1254,0,0,0
2648,1,0,1
2923,0,1,1
4780,0,1,1
4264,1,1,1
6010,1,1,1
1639,0,0,0
1133,0,0,0
5664,0,0,0
3519,1,1,1
1878,0,0,1
271,1,1,0
1473,0,0,0
5349,1,1,1
1547,0,0,1
4310,0,0,1
5644,0,1,0
4440,0,1,1
838,0,0,0
2195,0,0,0
1835,1,1,1
4891,0,1,1
412,0,0,0
1712,1,1,1
4438,1,1,1
5043,0,0,0
2795,1,1,0
2221,1,1,1
377,1,1,1
1491,0,0,1
738,0,1,1
3377,1,1,1
3615,1,1,1
5578,1,0,0
52,1,1,1
4114,1,0,0
5405,0,0,1
2269,0,1,1
5094,0,0,1
3094,1,0,1
1389,0,0,1
3188,0,0,0
3478,0,0,1
3433,1,0,0
4191,0,0,1
2309,0,0,1
3222,0,0,0
2590,0,0,0
1632,0,1,1
4275,0,1,0
3174,1,1,1
4812,1,1,1
2976,1,0,0
4280,1,1,1
467,1,1,0
5786,0,1,1
903,1,0,0
5759,1,1,1
71,0,0,1
3217,0,0,1
5622,0,0,1
1898,0,1,1
5052,1,1,1
3995,0,1,1
5548,1,1,1
1207,0,0,1
2077,0,0,0
1590,0,1,1
2844,1,0,1
5159,1,1,1
2205,0,0,0
2980,1,0,0
658,0,1,0
63,1,0,0
1838,0,0,0
4000,1,0,0
5172,0,0,0
3036,1,1,1
454,1,1,0
5479,0,0,0
402,1,1,1
5085,0,1,0
5541,0,0,1
1472,0,0,1
677,0,0,0
3356,1,0,1
1616,1,1,1
1251,0,1,1
1983,0,1,0
3425,0,0,0
4918,1,1,1
5059,1,1,0
3843,1,1,1
4931,1,0,1
1033,0,0,0
174,1,1,1
939,1,1,1
3102,1,1,1
4787,1,1,1
2587,1,1,1
334,0,0,1
873,1,1,1
2853,1,1,0
1486,1,1,1
4293,1,0,0
296,0,0,0
5892,0,0,0
5805,0,1,1
3845,0,0,0
4218,0,0,1
3760,0,0,0
378,0,1,1
3110,1,1,0
2770,1,0,0
3918,1,1,1
4138,1,1,1
2210,1,1,1
2172,0,0,0
2599,1,1,1
2052,0,0,0
915,0,0,0
6019,1,1,1
5801,0,0,0
4707,0,1,1
2335,1,1,1
3820,0,0,0
956,0,0,1
1887,0,0,1
6060,1,1,1
3717,1,1,1
4027,1,1,1
1182,1,0,0
6052,1,1,1
5004,1,1,1
4602,1,1,1
4452,0,1,1
1423,1,1,0
6041,0,1,0
2400,1,1,0
2892,0,0,0
5250,1,1,1
3596,1,1,0
1722,0,0,0
1667,1,1,0
2884,1,1,1
2994,1,1,0
4763,0,1,1
886,0,0,1
4056,1,0,0
5380,1,0,1
5796,0,0,0
333,0,0,1
153,1,1,0
5516,0,0,0
721,1,1,1
373,0,0,0
312,0,0,1
1849,1,1,1
1622,1,1,0
42,0,0,0
2693,1,1,1
5067,0,0,0
4618,1,1,1
417,0,1,1
4858,1,1,1
4753,0,1,0
5943,1,1,1
5648,1,0,1
704,1,0,0
732,1,1,1
5789,1,1,1
944,0,0,0
5862,1,1,1
3614,0,0,0
1806,0,0,0
1018,1,1,1
5565,0,0,0
907,0,0,0
1693,0,0,0
2791,0,0,0
4368,1,1,1
5589,1,0,0
519,1,1,1
814,0,1,1
818,0,0,0
3449,0,0,0
4830,0,0,0
1522,1,1,1
1638,0,0,1
5968,1,1,1
3557,1,0,1
5703,1,1,1
1700,1,1,1
3526,0,1,1
5217,0,0,0
3734,1,1,1
3046,1,1,1
1883,0,0,0
2592,1,1,1
379,1,1,1
3775,1,0,1
4003,0,0,0
2251,0,0,0
4439,1,1,1
2148,1,1,0
3726,1,1,1
2144,1,1,1
2566,1,0,0
1803,0,0,0
5882,1,1,0
5357,1,0,1
3621,1,1,1
5520,0,0,0
3967,1,1,1
1594,1,1,0
4328,1,1,1
4890,1,1,0
1706,0,0,0
5962,0,1,1
3790,1,1,1
1820,0,1,1
2562,1,1,1
2559,1,1,1
4208,0,0,0
5095,0,0,0
1582,1,0,0
2547,1,0,0
319,1,0,0
4321,1,1,1
5138,1,0,1
5288,1,1,1
3364,1,1,1
5545,1,1,0
1763,0,0,0
2843,0,1,0
4944,0,0,1
4717,1,0,0
5729,0,0,1
2141,1,1,1
213,0,0,0
4866,0,0,1
4433,0,0,0
3497,1,1,1
803,0,0,1
5278,1,1,1
5264,1,1,1
4132,0,1,1
105,0,0,0
4458,0,0,0
4946,0,0,0
3805,0,1,1
2806,0,0,0
4952,1,1,1
1465,1,1,0
2953,0,0,0
565,1,1,1
6049,0,0,0
4345,0,0,1
2524,1,1,1
1474,1,1,1
3236,0,1,1
2829,0,0,1
2502,1,0,0
317,0,0,0
1200,0,1,1
5203,0,1,1
2278,0,0,0
652,1,1,1
70,1,1,1
2658,1,1,1
1174,0,1,0
1088,1,1,1
6026,0,0,1
410,1,0,0
4064,1,1,1
5942,1,0,0
2386,1,1,1
5121,1,1,1
2091,0,0,0
4635,1,1,1
601,1,0,0
5428,1,1,1
3013,1,1,1
4792,1,1,1
5530,1,1,1
2219,0,0,0
2465,0,0,0
837,1,1,1
3325,1,1,1
624,1,1,0
1627,0,0,0
806,0,0,0
4978,0,0,0
5580,1,1,1
3115,1,1,1
637,1,1,1
423,1,0,0
4823,0,0,0
1996,0,0,0
4472,0,1,0
4620,1,1,0
2486,1,1,1
150,0,0,0
3109,1,1,1
1580,0,0,0
626,1,1,1
3002,1,1,1
4601,0,0,0
3796,0,1,1
3481,1,1,0
143,0,0,0
4813,1,1,0
2574,0,0,0
4662,1,1,1
4014,1,1,1
1880,0,0,1
5251,1,1,1
3452,1,1,1
3605,1,1,1
3342,1,1,1
5527,1,1,1
5816,1,1,1
2171,0,1,1
4975,1,0,0
5171,0,0,1
2780,0,0,0
4720,0,0,0
2832,1,1,0
6043,0,1,1
5462,0,1,0
2230,0,0,1
617,1,1,0
1324,1,1,0
690,0,0,0
5868,0,0,0
2288,0,0,1
3302,1,1,1
5785,1,1,1
1350,1,1,1
2729,0,0,1
5782,0,0,0
5788,0,0,0
4561,1,1,1
1187,0,0,0
1191,1,1,0
145,1,1,1
3572,1,1,1
4420,1,1,0
3742,0,0,0
1762,0,0,0
3800,0,0,1
4802,0,0,1
4810,0,0,0
1834,0,0,0
5944,0,0,0
1111,0,0,0
2127,1,1,1
4997,1,1,1
4783,0,0,1
5726,0,0,0
2277,0,0,0
3795,1,1,1
2499,0,1,0
1824,0,0,0
2788,0,1,1
4196,0,1,1
4386,1,0,0
3827,1,1,1
2492,0,0,0
878,0,1,0
1455,0,0,0
391,1,1,1
4182,0,1,1
2283,1,1,1
2714,0,0,0
5371,0,0,0
5619,0,0,0
2958,1,0,0
475,1,1,0
1694,1,1,1
1295,1,1,1
2092,0,0,1
3050,0,0,0
1137,1,1,1
2072,1,1,1
5331,0,0,0
832,1,1,0
591,1,1,0
4658,1,1,1
5716,1,0,1
3592,0,0,0
5731,0,0,1
109,1,1,1
5256,1,0,0
4318,1,1,0
1052,0,0,0
1311,1,1,0
668,1,1,1
253,0,0,0
5168,1,0,0
5715,0,1,1
5588,1,1,1
2690,0,0,0
4641,0,0,0
5045,1,1,1
5667,1,1,1
843,0,0,0
4159,0,0,0
4509,0,1,1
3374,0,1,1
3394,0,0,1
884,0,0,1
4547,1,1,1
5354,0,0,1
3996,1,1,1
4752,0,1,1
1879,0,1,0
5677,0,1,0
5582,1,1,1
1485,1,1,1
5423,1,0,1
2417,0,0,0
2737,1,1,1
2267,1,1,1
4173,0,0,1
3368,0,0,0
2808,0,0,0
869,0,0,0
2468,1,1,1
3893,1,1,1
450,1,0,0
5115,0,0,1
5656,1,1,1
1979,0,1,1
696,0,0,0
1741,0,0,0
3718,1,1,1
811,1,1,1
3284,1,1,1
2189,0,0,1
5006,1,1,1
5617,1,1,1
5145,0,1,1
505,0,1,1
3303,0,0,0
405,0,0,1
3640,1,1,1
183,0,1,1
5949,0,0,0
1876,0,0,1
5813,0,1,1
609,0,0,1
2674,0,0,0
2033,1,1,1
3981,1,1,1
1968,1,1,1
20,0,0,0
2218,1,1,1
5521,0,0,0
5686,0,0,0
2224,1,1,0
327,0,0,0
3270,0,0,1
2518,1,0,0
1874,1,1,1
4362,1,1,1
1756,1,1,1
2178,1,1,0
4961,1,1,1
6012,1,1,1
3410,0,0,0
5946,1,1,1
489,1,1,1
606,0,0,0
3212,1,1,1
2464,1,1,0
1738,0,1,1
152,1,1,1
889,1,1,1
6003,1,0,0
3082,1,1,1
269,1,1,0
96,0,0,0
3824,1,1,1
5060,1,0,1
3885,1,1,0
1799,0,0,0
4967,1,0,1
1572,0,0,0
4628,0,1,1
1067,1,1,1
5195,1,1,1
2760,1,1,1
715,1,0,1
4059,0,0,0
5708,0,0,0
5634,1,0,0
6023,1,1,1
4565,1,1,1
4660,1,0,0
1798,1,1,1
461,1,1,1
5373,0,0,1
2944,1,1,1
1795,0,0,0
1869,0,0,0
5489,0,0,0
1345,0,0,0
4791,1,0,0
5271,1,0,1
5848,0,1,1
5024,1,1,1
1214,0,0,0
1372,1,1,1
243,1,1,1
4039,0,0,0
2799,0,0,0
1679,0,0,0
3850,0,0,0
1312,0,0,0
648,0,0,1
3238,0,0,0
2643,0,0,0
4409,0,0,0
155,1,0,0
3428,1,1,1
3453,0,1,1
1303,1,1,1
1150,0,0,0
3047,0,0,1
5897,0,1,0
1046,1,0,0
1640,0,0,0
1306,1,0,0
1927,1,1,1
5591,1,0,0
3439,0,0,1
4121,0,1,1
2244,0,0,0
3136,0,1,0
15,0,0,0
3538,0,1,1
5417,1,1,0
4979,1,1,1
2669,1,1,1
1360,1,1,0
1844,1,1,0
3098,1,0,0
1612,0,0,1
497,0,0,1
2840,0,0,0
4611,1,1,0
6035,0,1,1
3633,1,0,1
1478,0,0,0
5507,1,1,1
1095,1,1,1
542,1,1,1
4729,0,0,0
4074,0,0,0
431,0,0,0
728,0,0,0
5384,1,1,0
4412,1,1,1
6016,0,0,1
2561,1,1,1
1337,0,0,1
3606,1,1,1
2877,1,1,0
4415,0,0,0
1031,0,0,0
1110,0,0,0
1888,0,1,1
3550,0,0,0
1527,1,0,0
753,1,1,1
3049,1,1,0
2628,0,0,0
562,0,0,0
4764,0,0,0
3562,1,0,0
252,0,0,0
2516,1,1,1
2962,0,0,1
4453,1,1,1
5374,0,0,0
5396,1,0,0
1202,1,1,1
3462,1,1,1
2797,0,1,1
4225,1,0,0
144,0,0,0
5056,0,0,0
2895,0,0,1
2763,1,1,1
905,1,1,1
5192,1,1,1
3980,1,1,0
235,0,0,0
5157,0,0,1
